wavelength,power,f1,f2,f3,f4,f5,f6,f7,f8,clear,nir,ratio,I_dut,P_dut,cycle,PAR
390,8.606698e-06,0.0016419686817059087,0.00017104072632185714,0.00017900517931038445,0.00017129228043701988,0.0001790188427215357,0.00018673102112676376,0.00018673102112676376,0.0001864931304227523,0.014448943753706613,0.00018673102112676376,0.7961683497157319,1.0,6.85238054316169e-06,3.0,0.0
393,2.848484e-07,0.021028024696410758,0.0008582981090554789,0.0009195928723703306,0.0007969734306512326,0.0009195928723703306,0.0009195928723703306,0.0008582844445028058,0.0008889441460647695,0.0881276367075829,0.0008889386584365683,0.8310493721634306,1.0,2.367230839817577e-07,3.0,0.0
396,2.926122e-07,0.040602846808779666,0.0008235871187354324,0.0008235871187354324,0.0008235871187354324,0.0008235871187354324,0.0008235871187354324,0.0007961266972364272,0.0007961266972364272,0.097155817231874,0.0008235871187354324,0.9033048831121044,1.0,2.6431802911817573e-07,3.0,0.0
399,2.956214e-07,0.06691812854961939,0.0007302813789748324,0.0007059295881564171,0.0006329196066307757,0.0007303288344046446,0.0007546269909339263,0.0006815757328377942,0.0007059357670157384,0.1036754864471698,0.0006572796408087201,1.008347860961702,1.0,2.9808920634450373e-07,3.0,0.0
402,4.04033e-07,0.06030593249709989,0.0005025496695887609,0.00048580846804041134,0.0004355390966746842,0.0005192630175857026,0.0005025496695887609,0.0005025496695887609,0.0005025496695887609,0.06951922381402752,0.00048580846804041134,1.0721133015810858,1.0,4.3316915357771083e-07,3.0,3.358168351966427
405,4.309264e-07,0.07775470938098407,0.0004224264839000994,0.0004535505832129596,0.0004378468272645563,0.0005788530909274895,0.0005474441857558606,0.00046954758796591956,0.0004535463401031911,0.07245173712374689,0.00046925005277784535,1.0765988100637658,1.0,4.6393484946506234e-07,3.0,3.383229309816923
408,4.7127419999999995e-07,0.09357094938588112,0.00044426964313842984,0.00044426964313842984,0.0004136149557700731,0.0008118964233287072,0.001317461663670453,0.0007047476504143651,0.0004136149557700731,0.076014880697248,0.0004595820943336359,1.0050775584213087,1.0,4.736671222829555e-07,3.0,3.4082902676674185
411,5.199978e-07,0.10461242882784971,0.00081424170929157,0.0004372805156495272,0.0005277267500114983,0.001085671927009077,0.002080776793726629,0.0009047304860772598,0.0004222023404842453,0.07884382925285147,0.00045235871919223954,0.9254745488750389,1.0,4.812447293710128e-07,3.0,3.433351225517914
414,5.603372e-07,0.1111381064603012,0.0022585759410793495,0.0004371500781356844,0.0007431697892343965,0.001661201946780904,0.0027977531711046166,0.0013697299951538852,0.00042256375195276344,0.08222792928215703,0.0004080140675412733,0.888702278223182,1.0,4.979729462131989e-07,3.0,3.45841218336841
417,5.801932000000001e-07,0.11288685718046658,0.004579621147467847,0.0004076810128077317,0.0008969192656667803,0.0016035306081194334,0.0022694004875888707,0.001970479641910793,0.0006658716503613168,0.08580328047943778,0.0004076810128077317,0.9203293447010733,1.0,5.339688275560187e-07,3.0,3.483473141218906
420,5.843808e-07,0.10953899076967308,0.009032751469717704,0.000369689342815183,0.001072079157208078,0.0013432134332959553,0.0017745108127545928,0.0030191151680789606,0.0012322901968940387,0.08884868198131787,0.0003450397274495809,1.007635271365675,1.0,5.888427059888904e-07,3.0,3.5085340990694016
423,5.862638e-07,0.10110190403311925,0.01676244735658719,0.0003365950279228683,0.0012117605008576077,0.0014024649684203382,0.001851284946802979,0.003702551453765153,0.001548348023544445,0.09131823448509015,0.0003253765572193925,1.1031522625317642,1.0,6.467382374104697e-07,3.0,3.533595056919897
426,6.043531999999999e-07,0.08740731886973327,0.029262309583614914,0.0003163493531014226,0.001571191342437476,0.0019403423592399005,0.0022460668924012797,0.0038805686630134797,0.0017188443893145905,0.09368151046066082,0.0003163493531014226,1.138619329346705,1.0,6.88128235272535e-07,3.0,3.558656014770393
429,6.500764000000001e-07,0.06827520427623862,0.04812087298646881,0.0003190980329608172,0.0019351009655411422,0.0021616299920954388,0.0030056996118266455,0.0036129134549451386,0.0019351224918500234,0.09596407150726982,0.00028820458993442604,1.0844206876397038,1.0,7.049562967063431e-07,3.0,3.5837169726208886
432,7.183190000000001e-07,0.04655665716028717,0.07518368032773695,0.0005292047302127961,0.0023760932984879675,0.0016808824197312177,0.0036834546545798977,0.003434429510808147,0.0022723263513442066,0.09852950643295252,0.0003112768051754682,0.9735811656930607,1.0,6.993418493594737e-07,3.0,3.6087779304713843
435,7.925314e-07,0.027922190612425447,0.10792227742359187,0.0009363695579059277,0.002356676045788699,0.0011783310045380747,0.0034613142734803647,0.0033666495945999784,0.0025460348834845073,0.10099964390726553,0.0003156238659535564,0.8702618572850851,1.0,6.897098481207487e-07,3.0,3.63383888832188
438,8.569461999999999e-07,0.0149111173914339,0.14055721676534289,0.0018914891518827608,0.001418627924995575,0.0012819907567529205,0.0032365405986787337,0.002763683126169353,0.002616535217901789,0.10377870403628935,0.00030473157213482946,0.8058128852904037,1.0,6.905382899606474e-07,3.0,3.6588998461723756
441,8.993576e-07,0.008014795510682914,0.16801502061318443,0.00356893874989967,0.0004589219782692366,0.001662165207001286,0.0033344286188615414,0.0025186630978551493,0.002406516009617037,0.10744520220502549,0.0003058956135192807,0.7912476169635306,1.0,7.116145577980402e-07,3.0,3.6839608040228717
444,9.18468e-07,0.005166016481305694,0.18642577945288585,0.006507802905215451,0.0002970998451455943,0.0020415038492051563,0.002683630366308845,0.0026932346114063688,0.0025398465397535935,0.11026836598659864,0.00028753160035747445,0.8243026888073762,1.0,7.570956419835332e-07,3.0,3.709021761873367
447,9.201822000000001e-07,0.0038220723717157547,0.19445393194583943,0.011138005550908388,0.00032813957519708546,0.0019509190569001792,0.002021878017609671,0.0027046912547331547,0.0030682785825013174,0.1128521293159501,0.0002837746633116646,0.8892487618919386,1.0,8.182708820650003e-07,3.0,3.734082719723863
450,9.182297999999999e-07,0.002606816252016285,0.19584113047900203,0.0183547236594038,0.000378276137719829,0.001669356612942765,0.0018009532137858812,0.0026726230300420403,0.0037170233193762796,0.11516100158273557,0.0005838645271974625,0.960970629119928,1.0,8.823918685826657e-07,3.0,3.7591436775743587
453,9.277286e-07,0.001602398449331317,0.1912288031915421,0.0291298118616267,0.0004025120707079025,0.001617872092210583,0.0017494690338674874,0.0025391072080956324,0.00442791824091282,0.11706115746831489,0.0009211899246205144,1.0103928914669127,1.0,9.373703826505508e-07,3.0,3.7842046354248544
456,9.561132e-07,0.0011515215605175607,0.18051863248193406,0.04481936119410359,0.0006206238974465039,0.0017646462982598033,0.0014730536916646702,0.002841396179941352,0.005338840756558044,0.11919674889877792,0.0012337702655616956,1.0149784053251454,1.0,9.704342510463218e-07,3.0,3.80926559327535
459,1.003016e-06,0.0010686440671563084,0.1630523309524771,0.06662413289151085,0.0008254402194017643,0.0021667590904906964,0.0014518829436831898,0.0033090890740806256,0.006058088797662052,0.12141225326109235,0.0015403472111203398,0.9816206996427768,1.0,9.845812676728993e-07,3.0,3.8343265511258458
462,1.061632e-06,0.0010661650715378314,0.13795023196329792,0.0961503722051542,0.0013528892666187977,0.00272781701976604,0.0016764106607016905,0.003499862931849427,0.006470324176696707,0.12397279942223335,0.0018528772764846695,0.9296035196718868,1.0,9.868968437963047e-07,3.0,3.8593875089763414
465,1.12045e-06,0.0010718378859788265,0.10523684203783737,0.13381628534176254,0.0019821225882748683,0.003465076800039754,0.0019454405071768967,0.0038321370841610954,0.006651208405180994,0.1263869441572369,0.002173025184879091,0.8821701982819793,1.0,9.884275986650436e-07,3.0,3.8844484668268375
468,1.171958e-06,0.0013042119527646233,0.07043456623132557,0.17678227011220765,0.002863437415479154,0.004174976295497038,0.0021639860977875095,0.0039490624370136,0.006878085416542076,0.12902201351131679,0.002448125763413609,0.8497840336714276,1.0,9.959111965334986e-07,3.0,3.9095094246773328
471,1.205792e-06,0.0016099154119023778,0.042582924702846206,0.21339608712088806,0.004305036184245556,0.004578092412215566,0.0021201789138351095,0.0031191738149732424,0.006669540861358054,0.13192450257830637,0.002824500576051005,0.8373272779978741,1.0,1.0096425331916127e-06,3.0,3.934570382527829
474,1.22142e-06,0.0019621565774800382,0.024851494956011477,0.23153258389262624,0.006333281153992449,0.004434056628874869,0.001927251546719491,0.0026115396958750698,0.005565214254267266,0.13431239630255581,0.003212064194583828,0.8507970853088109,1.0,1.0391805759378877e-06,3.0,3.9596313403783245
477,1.221564e-06,0.002382348244155897,0.014981430971218474,0.23782733497363978,0.009382569726884343,0.004377642219982608,0.001901880264211794,0.0028227712831686057,0.0045511712971913355,0.13698148532829818,0.0036702612857017793,0.8901482497301053,1.0,1.0873730565333064e-06,3.0,3.9846922982288207
480,1.21417e-06,0.002748156892419211,0.00873724257631416,0.24109194682225202,0.013810287497541384,0.004826654423908087,0.002160620541785387,0.003228302765551265,0.00360735222752239,0.139688262833406,0.004460250677372108,0.9459839673688173,1.0,1.1485853536601968e-06,3.0,4.009753256079316
483,1.208812e-06,0.003190937974877407,0.004214673771849625,0.24091784975313324,0.020438704523393296,0.004903138942197585,0.002274948701170524,0.0036040270954448934,0.002945490317745426,0.14198719676760146,0.005352109268955253,1.0026901187085286,1.0,1.2120638477762939e-06,3.0,4.0348142139298115
486,1.212694e-06,0.0037099562411939393,0.001760662848295581,0.23551575422599225,0.030416964167725113,0.004207268403518037,0.0019149976813654986,0.0037442447877964165,0.002909649361942355,0.14417899767202746,0.005762148715275178,1.0467450699290413,1.0,1.2693814658325289e-06,3.0,4.059875171780307
489,1.2306780000000002e-06,0.00460716909659685,0.0009568497972988032,0.22544680185878171,0.04498209260402386,0.0034678382587138247,0.001576288809211088,0.0038273145660172583,0.0030474904894762485,0.1466660198422415,0.0060728201967263935,1.066060671511467,1.0,1.3119774150943891e-06,3.0,4.084936129630803
492,1.2637699999999999e-06,0.005815880490343773,0.0006992375461897639,0.20946894924184561,0.06561141973888993,0.00307869198946039,0.0017019661429422694,0.004119411127524937,0.003143707733093877,0.14918002349308174,0.006845721402615265,1.0593316155828174,1.0,1.3387515158250971e-06,3.0,4.1099970874812985
495,1.307388e-06,0.006200207080389362,0.0005033008894207289,0.18688988576928392,0.09326555389944342,0.0028216868062866315,0.0019168329679937,0.004743871219384357,0.0033249899107072726,0.15161075661902834,0.007640526336589533,1.0366027421700958,1.0,1.3552419858802772e-06,3.0,4.135058045331795
498,1.358538e-06,0.004454655505952493,0.0004460175374073604,0.15715554455108224,0.12938152300954295,0.0029414547294926777,0.0021769023259172425,0.005474094892437461,0.003732561360569484,0.15446887909521562,0.007672230927359578,1.0059829202667243,1.0,1.3666660245333152e-06,3.0,4.16011900318229
501,1.40852e-06,0.0027703085161794884,0.0004221534019208653,0.12211997781227239,0.1703441280441798,0.003408778722196786,0.002321785376768804,0.005883582184323326,0.0042108660432595936,0.15730000176799103,0.0074718908953057646,0.976304124684124,1.0,1.3751438857000823e-06,3.0,4.1851799610327864
504,1.45536e-06,0.0024081716603479584,0.0005078136147802658,0.08755732341206425,0.209996103965171,0.004266618071708016,0.002188274795784452,0.005067619104691979,0.004664482828315291,0.1599169944759224,0.007172093374119101,0.9523977275767657,1.0,1.3860815568061214e-06,3.0,4.210240918883282
507,1.496602e-06,0.002551429744522839,0.0005652619254880852,0.06211533803348741,0.24516307545223398,0.005512483290779535,0.0019394976453410554,0.003790815740008785,0.00495243319680037,0.1627870813493542,0.006523722565560891,0.934962311448819,1.0,1.3992664652389257e-06,3.0,4.235301876733778
510,1.52924e-06,0.002796929363559872,0.0006749560353634102,0.04527727634627197,0.2742660931644124,0.007501066307866911,0.0019481447733673625,0.0035997087868391746,0.005394388751266408,0.16543716321950597,0.006483540308071388,0.927999388529839,1.0,1.419133784915371e-06,3.0,4.2603628345842735
513,1.553864e-06,0.0030786090511127537,0.0007596135221956573,0.03401536738349495,0.2950814418993199,0.010679490475823134,0.002092649035048555,0.004024301816417055,0.005281887610005489,0.16859785841571748,0.0071029036170718,0.928329396840234,1.0,1.4424976298917533e-06,3.0,4.285423792434768
516,1.582754e-06,0.003375363251145044,0.0009156838352669076,0.023578951196553653,0.3020790111895994,0.015186778284644745,0.0022746162481855066,0.004427453190553455,0.0049437255869949825,0.16920223530640416,0.007398567575343693,0.9412668668768045,1.0,1.48979389861673e-06,3.0,4.310484750285265
519,1.588294e-06,0.0037789935504990552,0.0010039454886790256,0.014410321478858129,0.30219973827865665,0.02185935273972831,0.0024056756520241334,0.005104949837418193,0.005318043265622532,0.17179188644482396,0.0076384648142537055,0.9647455978368399,1.0,1.5322996445706655e-06,3.0,4.3355457081357605
522,1.5866300000000002e-06,0.004273714176120802,0.0011317019452785476,0.009044278343326597,0.2961004685854557,0.03133287291470333,0.002125361572570401,0.005699823797370991,0.005957428156657113,0.17430667116994822,0.008294414798637902,0.9941455157251531,1.0,1.5773410996149995e-06,3.0,4.360606665986256
525,1.5807600000000001e-06,0.004537218708640764,0.0013174173137093827,0.006823697287609285,0.2861171627731718,0.04472020301658308,0.0016300154877790143,0.006229769205993706,0.006319082161558814,0.17645591955061612,0.008221475988919391,1.0279048945483484,1.0,1.6248709411062474e-06,3.0,4.385667623836753
528,1.57685e-06,0.004395185521481581,0.0015532863157549,0.005922441248364453,0.26973812526114455,0.06310762157859336,0.0015749942826806863,0.006560254503997163,0.0061524022236440715,0.1779336589971531,0.006846619473424284,1.0606110411833851,1.0,1.6724245202900208e-06,3.0,4.4107285816872475
531,1.5659120000000002e-06,0.004282898294246403,0.0018716420016846769,0.005032417835469903,0.24856610582736102,0.08860440495075049,0.0018459556232295715,0.006899726817921917,0.005173727337959432,0.18189019920915372,0.006342956013682921,1.081958630089172,1.0,1.6942520023601954e-06,3.0,4.435789539537743
534,1.575804e-06,0.004462590693503325,0.0021405271016189144,0.003732196009023977,0.218468135045359,0.12070494329274661,0.0022798495585707275,0.0073208412365130164,0.004323256879439201,0.18470533080454749,0.006573542367068854,1.0906903445939804,1.0,1.7187142077725727e-06,3.0,4.460850497388239
537,1.595768e-06,0.004525341967091837,0.0023484876040068227,0.0025284905394714497,0.1792589116655819,0.16134164188555453,0.0029638567002629097,0.007598039053681803,0.003989480720177846,0.18702008061602488,0.006752412169527716,1.0862291965025237,1.0,1.7333697924444391e-06,3.0,4.4859114552387345
540,1.62132e-06,0.0041746567311685395,0.002609161716101478,0.00217917570414526,0.1345281139287319,0.21098660932833074,0.0040160121202346775,0.007551921507776042,0.004053597662374309,0.18925766457661336,0.006892352121561621,1.072078167159193,1.0,1.738181773978543e-06,3.0,4.510972413089231
543,1.652038e-06,0.003917124334322627,0.002961839654364945,0.0021900908982555468,0.0929179984318027,0.26832467976643815,0.005627488951971365,0.007154294353248393,0.004809835272186504,0.19160093676685902,0.0071918458279489035,1.052915830596806,1.0,1.7394569629474862e-06,3.0,4.536033370939726
546,1.681832e-06,0.004082208517828355,0.0034011204628878917,0.0024150326216153453,0.06597090157515872,0.322655053007571,0.008022325517148302,0.0068816291092242896,0.005360740123906558,0.19466191432861102,0.008114210123554375,1.032606255322443,1.0,1.736670243601455e-06,3.0,4.5610943287902215
549,1.708596e-06,0.004418241289104346,0.0038419488939410032,0.002551549884293979,0.05285178408395734,0.35687896636339345,0.011517474651679028,0.006264059383819395,0.00445165733880531,0.19725048543864793,0.0094879358293369,1.0169796724110336,1.0,1.7376074003628025e-06,3.0,4.586155286640718
552,1.7312640000000001e-06,0.004709252422609956,0.0042678991071471726,0.0026023606076634458,0.04185857989312511,0.37026866078600246,0.016401155200963826,0.0045718498317070975,0.003385158706806106,0.19945363774041402,0.010501084601819909,1.0066152004697448,1.0,1.7427166584260524e-06,3.0,4.611216244491214
555,1.74748e-06,0.004880250034578969,0.0046893632423896155,0.0025604729713540274,0.03197472609270965,0.3718195070239013,0.023218488694366397,0.003448560546485002,0.0034568422582950064,0.20185762663986817,0.010217001045908594,1.0006191373104825,1.0,1.748561930067322e-06,3.0,4.636277202341709
558,1.7608359999999999e-06,0.004832515085058463,0.005059514937886681,0.00267421373293753,0.023011235966608652,0.36800195688761195,0.03243688897540824,0.0032932388117193046,0.0038792340560911665,0.2045794398826711,0.008592087661503503,0.9985719736398557,1.0,1.758321479776109e-06,3.0,4.661338160192204
561,1.770248e-06,0.005036631985108994,0.005504960515907768,0.0029989632606193875,0.01716803547874168,0.35990394720647745,0.04544861453401783,0.0035330415477240703,0.004276606420245426,0.2076471838354413,0.007653507706316652,0.9977760390297783,1.0,1.7663110375403872e-06,3.0,4.6863991180427
564,1.7775380000000001e-06,0.005448082273781055,0.005223807986834967,0.003401002277845928,0.012661928598431316,0.34245452119858244,0.06326054004360479,0.004155391485815382,0.004762989851126699,0.20966959296191168,0.008359743057882348,1.0010571464753524,1.0,1.7794171180315049e-06,3.0,4.711460075893196
567,1.7822519999999998e-06,0.0058473564246665785,0.0040659915982728554,0.003891514929369498,0.00905712580498815,0.3191780875791281,0.08725177700396022,0.005104779772748641,0.005206221656063622,0.21162073874272957,0.009710428268952149,1.0033448914053298,1.0,1.7882134393969317e-06,3.0,4.736521033743692
570,1.785702e-06,0.006429435767461815,0.003471008289410787,0.0044194803706136335,0.007192242160830295,0.2884082908921594,0.11842579380845275,0.0064980531170377165,0.005650461444343351,0.21364428556919055,0.011115296059634617,1.0068140922003306,1.0,1.7978699380703147e-06,3.0,4.761581991594188
573,1.788996e-06,0.0068587519532183495,0.003367158811911555,0.0047958935189070075,0.006373141569403458,0.24855596626447318,0.1576826307520739,0.0083396592250778,0.00649754533063653,0.21571906636436622,0.012830550784561698,1.0106567203942989,1.0,1.8080608301585194e-06,3.0,4.786642949444684
576,1.791822e-06,0.0067869198866871245,0.0032136053333950616,0.005256083135702218,0.0065390769340187855,0.200070022604769,0.20743620579760477,0.010935791474804236,0.0073424846204157065,0.21800438138115114,0.015512382675372551,1.0131782211405336,1.0,1.815435026560473e-06,3.0,4.811703907295179
579,1.7951440000000001e-06,0.006637566960825206,0.0032529937216231332,0.005963835732843904,0.006573761555394922,0.1554702473050947,0.267331739958196,0.014339503602463369,0.00802885303037494,0.21976870289077569,0.01873264913755499,1.0139628627142814,1.0,1.820209349224366e-06,3.0,4.836764865145675
582,1.799216e-06,0.006298293253833426,0.0033163729107054175,0.006740195344828772,0.0062306188334063815,0.11911390352900024,0.3337846941129922,0.018767456697665892,0.008551642269717621,0.22140312633788356,0.020988947994984953,1.01301628260195,1.0,1.82263510391795e-06,3.0,4.86182582299617
585,1.8029220000000001e-06,0.0056677118547654014,0.003543322390873076,0.007907685690831332,0.0050060964976084265,0.08960319864287707,0.38600947903015265,0.024544098035872763,0.008892158743920936,0.22357129928863814,0.02118416198604482,1.0097893134082996,1.0,1.8205713685087183e-06,3.0,4.886886780846666
588,1.808528e-06,0.00545335619932443,0.0039783920482646005,0.009164651037320939,0.003583741151654228,0.0725159888277536,0.40905693100120477,0.03203440942068338,0.00891749744749899,0.2257438942080209,0.018253575907720386,1.0064971884040177,1.0,1.8202783471499414e-06,3.0,4.911947738697163
591,1.813928e-06,0.005489610554618394,0.004367738088118099,0.010184691381645055,0.0032059282740674504,0.05847716645590154,0.41972833359424494,0.041760840663014095,0.008204449013714926,0.22802777198267726,0.014676206905914122,1.0019766332427225,1.0,1.817513470384705e-06,3.0,4.937008696547657
594,1.817706e-06,0.005370185720462195,0.004673903474476081,0.011220539113796882,0.003153280923428355,0.04367373964397511,0.4212185845477111,0.05449406177479921,0.006738751548864876,0.23033335216388667,0.014505874494751247,0.9975978037062456,1.0,1.8133395133836648e-06,3.0,4.962069654398153
597,1.819518e-06,0.005301750589217529,0.004849260991362486,0.011348239258293018,0.0032875576079635484,0.03205063304179715,0.41407135390657074,0.0707603699209994,0.005013430634044339,0.23236704032866928,0.016353691539574687,0.995930849583298,1.0,1.8121141075721032e-06,3.0,4.98713061224865
600,1.825156e-06,0.005475981324357627,0.004203857185224761,0.009643523168702562,0.0035335715900954925,0.020076856958394427,0.40063398343228734,0.09073272682705205,0.003664904745267978,0.23381856286392538,0.017823498103194686,0.9969398066072849,1.0,1.8195706696681253e-06,3.0,5.012191570099145
603,1.811174e-06,0.0053128143136703335,0.0028862985002448987,0.007875292569210306,0.0037657222468947065,0.011684988104667027,0.3826617532207225,0.11659376929151181,0.003238045844231182,0.23740504913675026,0.018740742931835468,1.00220406146121,1.0,1.8151659388129455e-06,3.0,5.037252527949641
606,1.802804e-06,0.004994872891787645,0.0022801899947724013,0.0067767437637812995,0.004129831697362606,0.0075142076614518934,0.35510144781438957,0.14776882244741124,0.003416299109328013,0.2399166919468858,0.019859838108213283,1.009704602345128,1.0,1.820299495926206e-06,3.0,5.062313485800136
609,1.7909880000000002e-06,0.0049626727101745455,0.002240963914757106,0.0059361431286979755,0.004613011293978645,0.004589179854750331,0.3199985034394065,0.1860184046711826,0.0037627367266309594,0.24217727383611534,0.019878487641828826,1.0196938978479415,1.0,1.826259534718889e-06,3.0,5.087374443650631
612,1.7776120000000003e-06,0.005012201085447057,0.0023477325632784087,0.005518924345741475,0.005115126375630788,0.0034245812770899156,0.2742127536684415,0.2332244012744773,0.00431142318427567,0.24382294330720256,0.017122945690853326,1.0310638947265842,1.0,1.8328315520327128e-06,3.0,5.112435401501128
615,1.7621379999999998e-06,0.005136059326370092,0.002654830105875381,0.00564889924480223,0.005577901008897848,0.003242567323168538,0.2288227449686615,0.28855378928601805,0.0051400174245024785,0.24559965356690144,0.015601449503913368,1.0438941671722315,1.0,1.8394855799525417e-06,3.0,5.137496359351624
618,1.7481399999999999e-06,0.005536089051498021,0.003153918724216165,0.006103102499696647,0.006008594859930387,0.003102749475875911,0.1898887844289722,0.34862010040771596,0.006296026980666522,0.2476395951168453,0.016588582224431738,1.0541948298240824,1.0,1.8428801498086715e-06,3.0,5.162557317202119
621,1.7356380000000002e-06,0.005805736103046738,0.0036015514879899394,0.006439474800893845,0.0060655412118164175,0.003176445771689445,0.1449156001357659,0.40180521727813173,0.007714753849506066,0.24984800130395546,0.01808641588704573,1.0621587402073276,1.0,1.8435230715359653e-06,3.0,5.187618275052616
624,1.724134e-06,0.005770323308379783,0.004125584416060389,0.006578867457055963,0.006200233239569769,0.0035221432295380216,0.10796738961483228,0.4342437693297464,0.009678954408211767,0.25150312998221536,0.020036328189626442,1.0670626026342636,1.0,1.8397589133302235e-06,3.0,5.212679232903111
627,1.7158899999999999e-06,0.005866891283308051,0.004626112958870572,0.006770685581982983,0.0067587819813306905,0.003956197497080281,0.08626700772905291,0.44901078894405855,0.01223324867377,0.25286256439896104,0.022658863353612578,1.0667924744095614,1.0,1.8304985389146222e-06,3.0,5.237740190753606
630,1.707794e-06,0.005953768872678104,0.005178065350206,0.006981375013608543,0.00736125310627897,0.004370382653599172,0.06360409288221822,0.45398511732307056,0.015490176968523034,0.254180379529284,0.025574379483776704,1.0626320086785523,1.0,1.8147565686291796e-06,3.0,5.262801148604102
633,1.705648e-06,0.005923159369586794,0.005648396099561448,0.006938873041980878,0.008031469490481275,0.004863355301850442,0.04628697953545336,0.4534021721750391,0.0200155532678788,0.25538169022349283,0.027836702499053907,1.0515327120442644,1.0,1.7935446672328754e-06,3.0,5.287862106454598
636,1.6937060000000001e-06,0.006212035250005113,0.00610071225313411,0.0072136708314249525,0.008376137945955273,0.0055648545637748915,0.03900751964573159,0.45163867789810447,0.026855552435797424,0.2588805659940855,0.028768187726202175,1.0393405820621011,1.0,1.760337379882073e-06,3.0,5.312923064305094
639,1.7023460000000002e-06,0.0066401302785776065,0.006731043314135904,0.007925184473280781,0.007561554378719001,0.0061732253224234595,0.031184261398117773,0.44184323257771174,0.03622109291779603,0.2610515532698842,0.027143126451572307,1.0315891051900097,1.0,1.7561215868637923e-06,3.0,5.337984022155589
642,1.7240599999999999e-06,0.00680522557154207,0.007518083742149113,0.008517789157972518,0.006084147705170671,0.0066167483333043325,0.021009717146463467,0.4283721229351247,0.049230225523663546,0.2630885969369089,0.023246707948291128,1.0272836958006404,1.0,1.771098728582052e-06,3.0,5.3630449800060855
645,1.7449660000000001e-06,0.006672209906925854,0.008216638763336753,0.008909794899060087,0.0051075575857714595,0.007024905637526173,0.015176664606065506,0.4101343662825485,0.06696529939967236,0.26467118826529845,0.019023517919549947,1.025860096260255,1.0,1.790090988730872e-06,3.0,5.388105937856581
648,1.7633199999999998e-06,0.006607866037947716,0.009073798303478568,0.00932239655883681,0.00500800737700077,0.007417819149019266,0.012866930059178472,0.3864802174266939,0.09081406381575227,0.26598272890037344,0.016050557958007784,1.0263127117464146,1.0,1.8097177308766877e-06,3.0,5.413166895707077
651,1.7765499999999997e-06,0.006759778178384174,0.010082088771470222,0.009812177614274182,0.005299027308727729,0.007692565538456757,0.010165472955735003,0.3557429541280285,0.12180263890308347,0.26796501219924007,0.014754010967294496,1.0290132260216172,1.0,1.828093446688704e-06,3.0,5.4382278535575725
654,1.783008e-06,0.006815689323952626,0.010144903029300243,0.009838323972553369,0.005487129479929936,0.008238550829708497,0.007825865182877015,0.3152584365970884,0.1616305106574201,0.2704023085456578,0.014523608963353635,1.0353850335338757,1.0,1.8460997978711687e-06,3.0,5.463288811408067
657,1.782568e-06,0.006609068946504176,0.008819905755055625,0.00875359407829607,0.0055368296342227785,0.009100624033297778,0.00733041371137719,0.26938889479909295,0.21154857139982886,0.27298383169055906,0.014543816704826481,1.0439947481016958,1.0,1.8609916301341437e-06,3.0,5.488349769258563
660,1.774574e-06,0.006534747896940768,0.007904393048249594,0.007618082974637327,0.005741610285936568,0.009614480967169266,0.00777670959777563,0.2320476586924348,0.2714572670226629,0.27504769774773996,0.014466226789731456,1.0568691947607023,1.0,1.8754925944232784e-06,3.0,5.5134107271090596
663,1.7612840000000002e-06,0.006688318549660714,0.007506116215039454,0.0070569199228824615,0.0060356131277167855,0.009886581973414712,0.00808972164403862,0.1965295499331257,0.3384889922021578,0.2766625173131013,0.014624450731198496,1.0730443258849178,1.0,1.8899358024718918e-06,3.0,5.538471684959555
666,1.7425e-06,0.006912145586600848,0.006755664902858355,0.006240390990239335,0.006259483094589328,0.010434993865797803,0.008087701180455254,0.15706676616966994,0.41351760090849954,0.27832854257210704,0.015263179387140873,1.0910606983582638,1.0,1.9011732668892748e-06,3.0,5.563532642810052
669,1.7191499999999999e-06,0.0072022789349525055,0.006299169053484309,0.005449139614873066,0.006450928809671494,0.011053890400559973,0.008352075986924825,0.13099945767411772,0.48450291487301805,0.2800842029324252,0.0164764611949599,1.112314502722406,1.0,1.9122354773552244e-06,3.0,5.588593600660547
672,1.6926939999999997e-06,0.007805132465629171,0.006554645055443753,0.005357059180999165,0.006921082629006953,0.01161321657286565,0.0090858300705951,0.11154217420928055,0.5343782000789344,0.2823555574518927,0.018050751339749344,1.134716811623386,1.0,1.9207283387340355e-06,3.0,5.613654558511042
675,1.6645499999999998e-06,0.008590056304047028,0.007015902018467413,0.005494461599797918,0.007441479956665241,0.012725060401224106,0.009294293459609495,0.08724129962870429,0.5817025156914488,0.284462460821921,0.019714588505889315,1.157569942091751,1.0,1.9268330471088243e-06,3.0,5.638715516361538
678,1.6359119999999998e-06,0.009367791196017411,0.0073144823362720855,0.0053927548190981205,0.007525040336453993,0.014448412319988696,0.00816438513706757,0.07146735731581824,0.6190926703874366,0.2864220280996893,0.021544748102516522,1.1794854832340025,1.0,1.9295344558483036e-06,3.0,5.663776474212034
681,1.608856e-06,0.009927321760289704,0.007381467824811257,0.005182078559839561,0.0073287594418206215,0.016288171467284125,0.00727602851901203,0.06476854473791406,0.6296687452956458,0.28799738808166897,0.02371857182201384,1.1975996282664254,1.0,1.926765347534208e-06,3.0,5.688837432062529
684,1.5843e-06,0.01045942542250591,0.007556993239018354,0.005218353947979884,0.007477505968404028,0.017346647217761885,0.007106666318112074,0.055203420501310975,0.6336394202276524,0.2890079312897106,0.026455060589407036,1.2103405032014003,1.0,1.9175424592219784e-06,3.0,5.713898389913025
687,1.568982e-06,0.011043724104055023,0.007978859414976409,0.005407747853429131,0.007340652042553765,0.017256662828935843,0.006585299977933057,0.045025110660611475,0.6305640358276621,0.2890483359475254,0.028945716899864426,1.2178695613876878,1.0,1.910815420165177e-06,3.0,5.738959347763521
690,1.54586e-06,0.011018963087859823,0.008199679281102953,0.005522937035862055,0.006805492015033157,0.017238986853329773,0.006250891796425876,0.04069035049783605,0.6266047474216105,0.2913144712596637,0.02970994234937203,1.2187728113806509,1.0,1.884052138200893e-06,3.0,5.764020305614017
693,1.5336559999999999e-06,0.010137919394309884,0.008102522965689026,0.005680348250238872,0.006508619418089263,0.017330115748074876,0.006434343291800414,0.036219097227051536,0.6149974154349526,0.2930028651192508,0.027530571757643358,1.2110900976839114,1.0,1.8573955948535167e-06,3.0,5.789081263464513
696,1.5254e-06,0.009647144765087375,0.008421832579071987,0.006134379249490082,0.006691360195942008,0.01721759709711885,0.006739061536691143,0.028965263465867874,0.5961085752271211,0.29511038628879194,0.024998998775075137,1.1957632020919486,1.0,1.8240171884710584e-06,3.0,5.8141422213150085
699,1.5201999999999999e-06,0.009509353714128345,0.009119379886025614,0.0067512098328978655,0.0068771286148848225,0.015842143162951388,0.006812143193673746,0.024660931817804117,0.5723966759623276,0.2965849579521912,0.023446347531669014,1.175074119947005,1.0,1.786347677143437e-06,3.0,5.839203179165504
700,1.4731599999999999e-06,0.009392346270873524,0.009379626966334946,0.0069478726279964455,0.006880069656174587,0.014984535432869431,0.006659796082481994,0.02397864285482428,0.5628454434131221,0.297284150014403,0.023016951525470366,1.1626714315032436,1.0,1.7128010460333184e-06,3.0,5.847556831782336
705,1.47432e-06,0.0076080433404454185,0.010189402485835983,0.008095343119039807,0.00608028454321838,0.012331776189572315,0.007190965498125529,0.021305124882467906,0.5020637871145623,0.29928554899705856,0.02094073196104327,1.1211142600769377,1.0,1.652881175916631e-06,3.0,0.0
710,1.477302e-06,0.006104694390680106,0.009965087251833198,0.009400558943084681,0.006013621720318956,0.011376287609827214,0.008758707872312078,0.017071264717555348,0.40874975503358196,0.2999670007629529,0.020344378266639616,1.0789752168058055,1.0,1.59397224573765e-06,3.0,0.0
715,1.471676e-06,0.00632546198729525,0.010345611528164801,0.011139201155240716,0.0068025962872083415,0.009835427719185936,0.010213339244501712,0.016288451209316848,0.31424181460221384,0.3020773516721064,0.0217446726786326,1.0437371310530064,1.0,1.5360428860795643e-06,3.0,0.0
720,1.453202e-06,0.006739183013488524,0.010428038181895442,0.011827906566165764,0.006916036484017868,0.010629373576486464,0.012466469364715425,0.013561846804533245,0.20792168380117296,0.3050499955929213,0.022368874061048948,1.016570416361648,1.0,1.4772821621975797e-06,3.0,0.0
725,1.4245999999999999e-06,0.006975081523666467,0.009212018240540316,0.010071191358350332,0.006842926789870749,0.01182512220639274,0.016090488204827204,0.013858714856778873,0.14137268331418237,0.30702592396440637,0.02422978205698457,1.0019044983975467,1.0,1.427313148417145e-06,3.0,0.0
730,1.386656e-06,0.007810810067004371,0.009529112618152494,0.009681054133451269,0.007449322770488568,0.012190339883807442,0.017512854559203712,0.01179748399861754,0.10247345029580676,0.30799107388586355,0.02729334025804577,0.9989100507537236,1.0,1.3851446153379554e-06,3.0,0.0
735,1.339462e-06,0.008639939729572657,0.010549770119220073,0.009468464755419358,0.006687100356946677,0.013605496233136042,0.015219486608876514,0.00909183608049759,0.059344546809386126,0.3094350972423208,0.02860437159791352,1.0069750655523584,1.0,1.3488048352548931e-06,3.0,0.0
740,1.286762e-06,0.009506687804945523,0.010350381298058443,0.009043513520111074,0.00581205805299282,0.014601872904808504,0.010670219531530583,0.007135501179942748,0.039537699891128424,0.3114427609323293,0.02992619968336399,1.022645723865797,1.0,1.315901656933001e-06,3.0,0.0
745,1.23013e-06,0.011184353368529508,0.011528654989134367,0.01010091579696195,0.006320132936255218,0.012092865742199211,0.009593064855057516,0.006116963428754583,0.01791077603483891,0.31278949282840396,0.029444997048177546,1.04533840092799,1.0,1.2859021271335483e-06,3.0,0.0
750,1.172494e-06,0.01290241841930898,0.013646193584274774,0.011518811365259247,0.0070565776924302005,0.011530347586062004,0.009328071677705236,0.006860593127340456,0.014545524630725715,0.3129100938726672,0.02769007581488785,1.0734763803853284,1.0,1.2586446151435154e-06,3.0,0.0
755,1.11574e-06,0.011580877240574973,0.013524703554262654,0.011669127218631064,0.007716648502850154,0.010938634878368308,0.010202401035807825,0.007645892044525858,0.011298088408054987,0.31193867258712205,0.028027137156203818,1.1040730399326328,1.0,1.2318584535744357e-06,3.0,0.0
760,1.0596499999999999e-06,0.009695562109005507,0.011700033231121863,0.011379075992984846,0.009126227152618705,0.007485189577484593,0.012293551621895635,0.008478308689973128,0.008690236808129827,0.312963823509846,0.030727808340374103,1.1307650232465627,1.0,1.1982151568832203e-06,3.0,0.0
765,1.0057739999999999e-06,0.010207574390147654,0.012280111977727392,0.011551874813272744,0.011078812456892576,0.005782247406944756,0.01490665429738045,0.01016389629037798,0.00899999366691537,0.3137117746560283,0.03441283665452232,1.1591514976845334,1.0,1.1658444384321638e-06,3.0,0.0
770,9.59874e-07,0.011382342727884392,0.01369980770450364,0.011407890144657163,0.013386035867210133,0.00569110983677069,0.0165165178445681,0.012105723829881393,0.008290278085740852,0.3133402073257949,0.038736983115467964,1.180868146494354,1.0,1.1334846312481217e-06,3.0,0.0
775,9.148958e-07,0.012309418044229307,0.014638583283029239,0.009734774121037822,0.01518941740236147,0.005786428305823198,0.019270384072416387,0.012594729256917144,0.00827485539962801,0.31317011275220297,0.044466547408141995,1.1952248171850712,1.0,1.0935061652983894e-06,3.0,0.0
780,8.738786e-07,0.013360779584843704,0.01499565065363594,0.009500255866474797,0.017283193149208093,0.00555728556156065,0.023444959690228712,0.013566844736812422,0.009479641631854796,0.3114952183296785,0.05243336259456044,1.2087907937052345,1.0,1.0563364064960192e-06,3.0,0.0
785,8.362394e-07,0.015561760672311423,0.01711154633166987,0.010584034405412177,0.01869695583175539,0.005734849895165777,0.023696171194904053,0.01440485090861906,0.010969724984454417,0.3106419640382341,0.05690506970708585,1.2150191083656734,1.0,1.0160468501682457e-06,3.0,0.0
790,8.010736e-07,0.017169280253230928,0.02031947328075237,0.011508102772508513,0.016381749244955078,0.00636692896056545,0.01172367236161625,0.010995493457881252,0.012213949197166873,0.31008736374802454,0.04635182022696981,1.219241214172622,1.0,9.767019487056333e-07,3.0,0.0
795,7.683006000000001e-07,0.013643112756196082,0.02013954417260368,0.011567933345870186,0.011916413996268898,0.007022942838994689,0.005977658757019623,0.008439921408665734,0.015191713054054062,0.3094712276474136,0.035091189668597325,1.2197634346271642,1.0,9.37144978682111e-07,3.0,0.0
800,7.384448000000001e-07,0.010446367234640139,0.016040899486516387,0.012779456176919881,0.011964135614281893,0.0072252852036188055,0.005158719765882137,0.008670337451917203,0.01624273859488765,0.3072464937105079,0.02905440711379121,1.2172136097708055,1.0,8.988450606244805e-07,3.0,0.0
805,7.100451999999999e-07,0.00952077214245643,0.014773390383538854,0.01443663746418634,0.013864295664904247,0.0074835493690584955,0.005126560386322841,0.009579629146619402,0.008611578460506066,0.3037679482712211,0.025009553723967744,1.214018467971427,1.0,8.620079858944654e-07,3.0,0.0
810,6.83939e-07,0.008224057743046357,0.013958006831642503,0.014571713359712293,0.015956987091169814,0.008294254758015235,0.004936121664418047,0.01055623741087735,0.008039971377155383,0.2996579615729267,0.02478592486891338,1.2100908959564805,1.0,8.276283572895794e-07,3.0,0.0
815,6.599962e-07,0.006588951647350749,0.010811004095302331,0.011130888772978981,0.01612042404903818,0.008773006508105821,0.004916638244799662,0.011569444826116729,0.008142458274960851,0.2969581455537333,0.027571092241291468,1.203080619126866,1.0,7.940286369173789e-07,3.0,0.0
820,6.381402e-07,0.006377847557584014,0.009347708809998795,0.009899931614303614,0.016049266559610906,0.00894808173055248,0.005464004712017613,0.013288690254217559,0.009262091681695577,0.2943307301269652,0.03133699751928851,1.1945443707021952,1.0,7.62286783628773e-07,3.0,0.0
825,6.19128e-07,0.006894203313986723,0.010277194796546322,0.0102279053521728,0.015721627544113735,0.009991045243339356,0.006243253506272783,0.015573560567504169,0.011076094828637745,0.29066023712355593,0.035565625215305874,1.1883075422977074,1.0,7.357144720476949e-07,3.0,0.0
830,6.027798e-07,0.0072894565610648245,0.01200940822769639,0.011180103061617883,0.014415442246320565,0.011231296658540682,0.007054136965269247,0.017998670632423493,0.013289146574842588,0.2863515059443295,0.041843483279900694,1.1757998863911232,1.0,7.087484203588639e-07,3.0,0.0
835,5.888036e-07,0.007305166659675665,0.013750058334443042,0.0119132559854181,0.011722169429308678,0.011477843821599406,0.007475023331323577,0.018931470011946706,0.015480797144722808,0.2813295062023852,0.05041339190871493,1.1606695262648692,1.0,6.834063954750495e-07,3.0,0.0
840,5.77351e-07,0.006914605561073655,0.013960556723586096,0.012229228075052858,0.008766397210507659,0.009314286555663803,0.007988489238635566,0.015757702306782174,0.01453042769994561,0.27547395935507496,0.06090474882199689,1.1469440030331286,1.0,6.621892670951798e-07,3.0,0.0
845,5.688344e-07,0.007019158587522029,0.014558049878753029,0.013619920058760091,0.008409333943667862,0.008013636870842578,0.00904239403741486,0.01357476515647652,0.012037629636445894,0.2709745274856189,0.0740788740390725,1.128602274596478,1.0,6.419877977087229e-07,3.0,0.0
850,5.617653999999999e-07,0.00742403518395255,0.01607378898535328,0.015513483789768412,0.00912834967813876,0.008241256273716125,0.010272253269261839,0.01224501125905229,0.01068078875981526,0.26787224950037947,0.09165633838391876,1.1065646826801812,1.0,6.21629751591705e-07,3.0,0.0
855,5.569084e-07,0.008107066391243175,0.017977081021793295,0.017245411926678337,0.0099897448653753,0.008694651537840664,0.009366250513107646,0.010337619020904514,0.010469605523143747,0.2637427493552312,0.11385812241443405,1.0864640096855394,1.0,6.050609332915583e-07,3.0,0.0
860,5.531728e-07,0.007728264507316146,0.01935740855152828,0.014238157136921828,0.008860460313843976,0.00943878665521222,0.008491170272196084,0.008318962299030508,0.008725000491099696,0.2589193245087128,0.14151951791566356,1.0659456184740386,1.0,5.896521224190157e-07,3.0,0.0
865,5.498708e-07,0.006417851817534124,0.015294331361312048,0.009973444528060215,0.007918274377245888,0.009506931280742467,0.009090851561983488,0.005951269647980196,0.005308244601584735,0.25311818509118444,0.17508330660608865,1.0466132087068292,1.0,5.755020423621911e-07,3.0,0.0
870,5.468798e-07,0.006159974387778484,0.011739965915899927,0.008621302199938376,0.00832496801248845,0.009123783298609524,0.010193519867612362,0.004046541134746793,0.0046521488223210585,0.24733670403753516,0.21609890198422393,1.0296203492604223,1.0,5.630785706794699e-07,3.0,0.0
875,5.438072e-07,0.006039698046281806,0.011291643540792203,0.007969839002356599,0.008783775605313123,0.009269690710355657,0.010346337777442906,0.0036500852878578968,0.005015608654327387,0.24132589157904333,0.2679400461022866,1.0162746713402948,1.0,5.526574834524859e-07,3.0,0.0
880,5.40111e-07,0.004498430542224716,0.011019683439390963,0.006175318456935231,0.0079320031363562,0.009835209818059177,0.008690706543589744,0.0034603145935076947,0.003966029224426541,0.23537966404316624,0.3332790077500065,1.0094673888238808,1.0,5.45224440845055e-07,3.0,0.0
885,5.35527e-07,0.0038164247518155973,0.007417103122208403,0.00466601983838157,0.006257246414203837,0.007929517009871486,0.008334055319214089,0.0032904974414393316,0.0031825854098518997,0.23003592734375694,0.41280488537676285,1.0047686025075098,1.0,5.380807153950391e-07,3.0,0.0
890,5.300088e-07,0.0037979542948480896,0.005662932888826507,0.004587529574493624,0.005826270470061513,0.005567639447535648,0.008739439730462387,0.0025456013176812413,0.003022085762850602,0.2241619089457446,0.49890881385963154,1.005736518254862,1.0,5.330492051564375e-07,3.0,0.0
895,5.226232e-07,0.0040925454089805096,0.005598174473228345,0.004886423029304546,0.006227755333141867,0.005173840813103467,0.009252718573733635,0.002217381017713288,0.002983849665363513,0.21694607485401068,0.6036025369863949,1.0143869969971473,1.0,5.301421784090394e-07,3.0,0.0
900,5.13507e-07,0.004358322888043,0.006131877716209311,0.0054857095814754816,0.00675059173895023,0.005238267217306829,0.009954035043797854,0.0023922958770603133,0.0030797112649224526,0.20891118723801486,0.6912285922284289,1.0277973208937152,1.0,5.27781118860169e-07,3.0,0.0
905,5.029892000000001e-07,0.004153723891028921,0.006596295511799839,0.005906282872842393,0.007134482560710101,0.005050715519872731,0.009328625605983085,0.002677142569363218,0.003229123154982577,0.20106210663406734,0.7220570974219257,1.0454073809519162,1.0,5.258286222190997e-07,3.0,0.0
910,4.907504e-07,0.0033329207530950677,0.006403075691662423,0.005324343707214183,0.006416883810552602,0.00414887672531371,0.007495612422784746,0.002613768775354818,0.0030424792882413274,0.1933639228034733,0.8096194754052171,1.069173229318389,1.0,5.246971899572911e-07,3.0,0.0
915,4.780086e-07,0.003293432704165322,0.006448395748381919,0.00482933334945459,0.0055350586249372485,0.0035148294400944246,0.006988026328825928,0.0028506196240495286,0.0032795665439417842,0.18637954549715874,0.9437974619903315,1.0970241936090883,1.0,5.243869989532092e-07,3.0,0.0
920,4.666684e-07,0.0032207267220204098,0.007115950915784942,0.004431935619932074,0.005120145570723921,0.0034271919577735553,0.0074049270468224265,0.0033445868085864063,0.003427189026340459,0.17947987841096347,1.0017699959426467,1.1297133804639237,1.0,5.272015357196905e-07,3.0,0.0
925,4.549008e-07,0.0033903290762997812,0.007837538589502998,0.0042412909247976196,0.004982589540475734,0.0032943145264222734,0.008304138184960633,0.0041315454198614324,0.003719743535802923,0.1729606014376391,0.9936622152380504,1.1621329627535688,1.0,5.286552144629686e-07,3.0,0.0
930,4.4344859999999997e-07,0.0037252395779692844,0.008779037250948328,0.004122399967313579,0.004985293109467872,0.00324593955148061,0.009450153917969783,0.00519074123399328,0.004327927578448685,0.16582874521705676,1.0157624117083859,1.1947692573129898,1.0,5.29818754478485e-07,3.0,0.0
935,4.323928e-07,0.0038161593288892188,0.008640856531271042,0.004170510512602159,0.005151716905911021,0.003025663325942645,0.0110123197442691,0.006623752498842268,0.005547035395110353,0.15722502557265944,0.9876713868153637,1.231317477276786,1.0,5.324128116886459e-07,3.0,0.0
940,4.238666e-07,0.0035546224546804854,0.007054935069420083,0.004043057513877969,0.005399751394288131,0.0024963654152154848,0.012210487914900843,0.007285589408506645,0.008113208979020972,0.14909000037081419,0.9239806622981194,1.2618139761683584,1.0,5.348407999109631e-07,3.0,0.0
945,4.1517460000000004e-07,0.003179705911223514,0.0044026413313011225,0.003492231529328805,0.005054869186000471,0.0017937034564672531,0.011631643904580904,0.004062882056947414,0.009960289836440227,0.14118261460148615,0.8833907036117707,1.2862279891413493,1.0,5.34009190900564e-07,3.0,0.0
950,4.079638e-07,0.002954489987968162,0.0035372293850722296,0.0034289211245555626,0.005136508629081481,0.0016533705816276997,0.010977694661046127,0.002344621542864046,0.0052042394469988046,0.1333314952634548,0.8303881903569967,1.3124013800970495,1.0,5.354122541496367e-07,3.0,0.0
955,4.0159620000000003e-07,0.00297010999977891,0.0034312055481902108,0.0034176282944748263,0.005790955882088331,0.00164098732283599,0.010646232155282043,0.002278413006618115,0.0021563509736494636,0.1259506390184772,0.769848698985504,1.33229469585613,1.0,5.350444871359775e-07,3.0,0.0
960,3.96134e-07,0.0029210919749983826,0.0036445394113634915,0.003658182810725892,0.006975079281240229,0.001747194599993358,0.01041489108176895,0.0023204992570844242,0.0018700420600478184,0.1191907111133635,0.7355917847659389,1.3419735413088505,1.0,5.316013468128402e-07,3.0,0.0
965,3.916716e-07,0.0028478388726797155,0.004072263954414091,0.004003472439200824,0.008433410887664578,0.0019811079064316595,0.01027696086390791,0.0025038765971398106,0.0017884923642117994,0.11250975464512222,0.7023813647259972,1.3466337979426115,1.0,5.274382142542593e-07,3.0,0.0
970,3.88168e-07,0.002970304329382068,0.004955205502460214,0.00449720650083882,0.011020696136377574,0.0022763325444647505,0.010479453752058557,0.002873172320464923,0.0020681651951683275,0.10554356834848891,0.6439911050811736,1.346804761033025,1.0,5.227865104806672e-07,3.0,0.0
975,3.84872e-07,0.0028086561965533904,0.006164992136450845,0.00506963114126383,0.014506659945588668,0.002485657017340406,0.010799234509744982,0.0033282619260020193,0.002317150631975173,0.09813406611082387,0.5887480060230998,1.342553095457282,1.0,5.16711094954835e-07,3.0,0.0
980,3.824696e-07,0.002394783538961058,0.006828026814081074,0.0051176585803082274,0.01506763979713766,0.0023947660194975407,0.009550960087742652,0.0033500546092391755,0.002565950948730086,0.09134593715235635,0.5505273819143364,1.3309158732456996,1.0,5.090348616739335e-07,3.0,0.0
985,3.803344e-07,0.002170316424979949,0.004875790715679382,0.005020499310492926,0.007002702207553953,0.001620494735850727,0.007248690528073408,0.0029660152192543757,0.0024596517469009844,0.08440842880382567,0.4984203410430098,1.318649892488693,1.0,5.015279156697516e-07,3.0,0.0
990,3.7834080000000003e-07,0.00220183340035636,0.002407360067929811,0.005049679503265347,0.003361350178116412,0.0012623560959074953,0.005974273537156247,0.0026274748051118195,0.002304603725970979,0.07791437905081261,0.43776274813613403,1.3066024020254994,1.0,4.943409980642491e-07,3.0,0.0
995,3.763024e-07,0.0023749590013681394,0.001284571702974508,0.0049886419095627,0.0023899014568952064,0.0010903872983936314,0.005541302756264478,0.0024794253236267816,0.002270317072361753,0.07206655410894125,0.40030085088909234,1.2910443396794613,1.0,4.858230835277966e-07,3.0,0.0
1000,3.739358e-07,0.0025448739335834623,0.0008785907900589095,0.004786645254919898,0.0024236594382714407,0.0010906961030856654,0.005301682633726258,0.0024842457790992863,0.002150981731264113,0.06631536209527018,0.37844259388784857,1.2810868561630284,1.0,4.79044238428807e-07,3.0,0.0
1005,3.7135640000000003e-07,0.002627918167765946,0.0008145040299470006,0.004471998674139108,0.002535601176711106,0.0010449070685129701,0.005194289817557542,0.0025665742019259077,0.0016904712214737723,0.0605797767553938,0.34239418149005435,1.271485868938285,1.0,4.721744149397934e-07,3.0,0.0
1010,3.681676e-07,0.002807140524800024,0.0008109009181646871,0.0036804946624862554,0.002666655910945072,0.0010293070098242457,0.005411558830836403,0.002697977854015506,0.0015749264122889822,0.055221210827032054,0.288519613099549,1.2638278194977624,1.0,4.6530045511772437e-07,3.0,0.0
1015,3.650492e-07,0.0024163453527480984,0.0008055662165513591,0.002763829939443694,0.0030004347454933343,0.001137025897748141,0.00571713153961165,0.0028585933220496257,0.0015951882451244724,0.049684748584961434,0.2504294080309245,1.2586303781735069,1.0,4.5946201264793616e-07,3.0,0.0
1020,3.6149220000000003e-07,0.0016402135863494405,0.0009552218768896177,0.0018629657548335753,0.0033278726916021787,0.001162221959348634,0.005652138472926288,0.002897968151912888,0.0015285509224346639,0.04445493403465407,0.2326390708966839,1.2606993226761871,1.0,4.557329716927248e-07,3.0,0.0
1025,3.577566e-07,0.0010115089282309582,0.0006423210656196249,0.0011721020976251813,0.0028413267345720654,0.0007705671340233584,0.0038362859335285574,0.002873315886295925,0.001460731459862095,0.039264067434449657,0.21211570642238914,1.2635325226800895,1.0,4.5203709930345175e-07,3.0,0.0
1030,3.534578e-07,0.000727083980937537,0.00048468700665650134,0.0008239354629319829,0.0020681501534347093,0.0007428926105952812,0.0022294165419022185,0.002649326070510657,0.0014698842910251908,0.03463308441189229,0.17466652120533518,1.2708992444784133,1.0,4.492092509750021e-07,3.0,0.0
1035,3.492228e-07,0.0006144819980150372,0.0005333938297955598,0.0007113819956925303,0.001551968961817573,0.0007110475485825431,0.0015359484485726641,0.0025381560079841383,0.0014875488491364849,0.03013357600782654,0.1410168250150761,1.2853036794318873,1.0,4.4885734978150603e-07,3.0,0.0
1040,3.460776e-07,0.000629921757866537,0.0005169828282705362,0.0006782436239642765,0.0011957707107758883,0.0005489554432391846,0.001164284267458727,0.0024228654509166306,0.0014854017460920502,0.02624036204835607,0.1245717950410506,1.2985054375283285,1.0,4.4938364540675386e-07,3.0,0.0
1045,3.395216e-07,0.00061917460148711,0.0004891728730791157,0.0007339282282943071,0.001026825803232373,0.0006198936055610012,0.0009458190264634547,0.0021844546904497024,0.001678993779671139,0.02275717458057624,0.1186909470858289,1.3110529765667065,1.0,4.451308042886907e-07,3.0,0.0
1050,3.356726e-07,0.0005351347726373103,0.0005675027043058731,0.0006802395774429457,0.0007449710118844616,0.000534944502326441,0.0007458855490122071,0.002026407965449716,0.0019617367006914055,0.0193754779361116,0.11427112267951525,1.3332979880962526,1.0,4.475516022390381e-07,3.0,0.0
1055,3.319872e-07,0.0005161849757898706,0.00048410748460016924,0.0005807847287520484,0.0006771880800275523,0.0005164476294931516,0.0006615153917284097,0.0017751465844365708,0.0022270639604718414,0.01641114083920625,0.1036128708219525,1.3545067342005297,1.0,4.496788980683781e-07,3.0,0.0
1060,3.2624220000000003e-07,0.00047064569756085864,0.000584541274794503,0.0006169457573787775,0.0004871111000215,0.0004543569628617554,0.0006008591033988376,0.0015100742711923313,0.002613806779154203,0.013814856292499641,0.08637684694671495,1.370157661665489,1.0,4.4700324988860474e-07,3.0,0.0
1065,3.159868e-07,0.00048057754059672823,0.0004972327592778655,0.0005968388640498709,0.0006294688972204407,0.0004476608135547083,0.0006133468201810152,0.001293485668627924,0.0027506503993794734,0.01171756919398558,0.07285808572995622,1.385560294230666,1.0,4.378187635810066e-07,3.0,0.0
1070,3.12188e-07,0.00048273927249223867,0.0004829466352162336,0.0005330174897681605,0.0005330941385634733,0.0004494747598931122,0.0004994344876689492,0.0008487821781338816,0.0019310209486786203,0.009822707811165347,0.06560595124107658,1.3962325137770242,1.0,4.358870360110216e-07,3.0,0.0
1075,3.0873540000000004e-07,0.00048244569597427243,0.0004661113728230435,0.0004661113728230435,0.0004656171824382386,0.00048244569597427243,0.0004823369655386,0.0004991654790746338,0.0007489917990685603,0.008335898974513128,0.058698820121168026,1.412632386881506,1.0,4.3612962501681656e-07,3.0,0.0
1080,3.054568e-07,0.00048743484966863446,0.0005043973443751747,0.0005043973443751747,0.0004203311203126456,0.000487517975649267,0.00052097446494588,0.00047064948999084815,0.0005043973443751747,0.00712895433471863,0.0498324261855561,1.4129544129977445,1.0,4.315965335401694e-07,3.0,0.0
1085,3.037696e-07,0.0005094498673141486,0.0004923024463097869,0.0004751953620046799,0.0004590270236673923,0.0004924183903103811,0.0005094498673141486,0.0005094498673141486,0.0004921118207462417,0.0060780154566673385,0.04119611634494093,1.4073245147871785,1.0,4.275024049270952e-07,3.0,0.0
1090,2.96598e-07,0.0005044530544988624,0.000521912140986428,0.0005044530544988624,0.00048705785323019884,0.0004868585247221486,0.0005391971665124483,0.000521912140986428,0.000521912140986428,0.005323252639287237,0.036045885097400976,1.4063449151654797,1.0,4.171190891482509e-07,3.0,0.0
1095,2.946946e-07,0.0005269808226004006,0.0004744934391272027,0.0005094793864564965,0.0004567335648713911,0.000491719512200685,0.0005269808226004006,0.00047445845075414747,0.0005447406968562122,0.004479652213094426,0.03279469548179766,1.401798722866999,1.0,4.1310251391580114e-07,3.0,0.0
1100,2.958096e-07,0.000533724349432321,0.0005160559315145176,0.000533724349432321,0.00048002887397324183,0.0004982469818666701,0.000533724349432321,0.000533724349432321,0.0005158639193431051,0.003505856177149912,0.030511022765019026,1.3789000673929892,1.0,4.078918773754932e-07,3.0,0.0
