time,wavelength,power,f1,f2,f3,f4,f5,f6,f7,f8,clear,nir
2025-02-03 11:47:33.174625,390,1.48495e-06,4,4,4,4,4,4,4,3,4,4
2025-02-03 11:47:37.236389,405,3.1162e-07,422,4,3,4,3,4,4,4,299,3
2025-02-03 11:47:40.730326,420,4.54563e-07,671,5,3,4,3,4,5,4,569,4
2025-02-03 11:47:44.264154,435,6.22241e-07,4,1707,4,4,4,3,4,4,951,4
2025-02-03 11:47:47.789959,450,7.79931e-07,4,2690,442,4,3,4,4,4,1327,3
2025-02-03 11:47:51.334688,465,8.881e-07,4,926,3331,4,3,4,3,4,1859,3
2025-02-03 11:47:54.851538,480,1.02392e-06,4,4,4574,173,4,4,5,4,2284,4
2025-02-03 11:47:58.386385,495,1.08538e-06,4,4,3005,2667,4,4,5,4,3165,5
2025-02-03 11:48:01.909173,510,1.31529e-06,4,4,432,7741,183,4,5,5,3605,4
2025-02-03 11:48:05.447936,525,1.40053e-06,5,4,4,8688,2302,4,32,5,4312,4
2025-02-03 11:48:08.985788,540,1.43176e-06,4,5,4,4358,9447,142,58,5,5196,5
2025-02-03 11:48:12.552410,555,1.56668e-06,4,5,4,889,12879,1653,5,5,5644,92
2025-02-03 11:48:16.076530,570,1.66034e-06,33,5,40,60,8327,7255,333,129,6070,277
2025-02-03 11:48:19.591570,585,1.70812e-06,6,5,208,5,2120,15717,1723,103,6485,401
2025-02-03 11:48:23.108064,600,1.74424e-06,4,5,40,4,322,13842,6001,4,6858,448
2025-02-03 11:48:26.636864,615,1.70017e-06,35,5,49,43,4,6497,15489,259,7300,421
2025-02-03 11:48:30.162501,630,1.66925e-06,84,73,93,117,23,1360,18321,1477,7577,670
2025-02-03 11:48:33.700481,645,1.70464e-06,102,172,135,40,164,214,14621,6088,7806,421
2025-02-03 11:48:37.228294,660,1.79055e-06,148,127,82,94,326,154,7062,17414,8444,439
2025-02-03 11:48:40.751117,675,1.73151e-06,254,152,84,164,470,182,2644,25660,8906,683
2025-02-03 11:48:44.281636,690,1.62309e-06,213,195,133,109,494,162,1036,22922,9051,692
2025-02-03 11:48:48.356699,705,1.52179e-06,82,207,209,69,330,233,461,12476,8320,556
2025-02-03 11:48:51.893417,720,1.50303e-06,98,154,172,78,271,431,265,3578,7595,706
2025-02-03 11:48:55.415275,735,1.42034e-06,144,167,135,47,300,187,39,826,6916,683
2025-02-03 11:48:59.003133,750,1.26435e-06,138,204,163,66,156,178,83,134,6396,622
2025-02-03 11:49:02.530855,765,1.09632e-06,140,215,134,154,5,291,157,70,5918,747
2025-02-03 11:49:06.066653,780,9.7009e-07,204,241,117,261,4,236,140,117,5305,803
2025-02-03 11:49:09.607393,795,8.57694e-07,53,157,122,96,4,6,67,155,4615,427
2025-02-03 11:49:13.138364,810,7.69866e-07,4,24,37,103,5,6,89,19,3966,584
2025-02-03 11:49:16.656190,825,6.88409e-07,5,52,27,137,7,4,152,57,3405,996
2025-02-03 11:49:20.188013,840,6.47566e-07,4,65,33,4,4,6,38,5,2952,1730
2025-02-03 11:49:23.683992,855,6.48569e-07,4,19,4,4,4,4,4,4,2558,2925
2025-02-03 11:49:27.273375,870,6.40435e-07,4,5,4,4,5,4,4,4,2214,4658
2025-02-03 11:49:30.808348,885,6.299e-07,4,5,4,4,4,4,4,4,1926,7099
2025-02-03 11:49:34.331225,900,6.22631e-07,4,5,4,4,3,5,4,4,1685,9006
2025-02-03 11:49:37.862048,915,5.85728e-07,4,5,4,4,4,4,5,4,1473,10287
2025-02-03 11:49:41.368418,930,5.53192e-07,4,4,4,4,4,4,5,4,1273,9654
2025-02-03 11:49:44.886662,945,5.12608e-07,4,5,4,4,4,4,4,4,1093,8307
2025-02-03 11:49:48.422302,960,4.97957e-07,5,5,4,4,4,4,4,4,885,6822
2025-02-03 11:49:51.946606,975,4.85453e-07,4,4,4,4,4,4,5,4,667,5338
2025-02-03 11:49:55.486100,990,4.64379e-07,4,5,4,4,3,4,4,4,459,3929
2025-02-03 11:49:59.081744,1005,4.57646e-07,4,4,4,4,4,4,5,4,271,2624
2025-02-03 11:50:02.623712,1020,4.5265e-07,4,4,4,4,3,4,5,4,119,1683
2025-02-03 11:50:06.168515,1035,4.35401e-07,4,5,4,4,4,4,5,4,5,1193
2025-02-03 11:50:09.696299,1050,4.37455e-07,4,4,4,4,3,4,5,4,4,697
2025-02-03 11:50:13.234127,1065,4.18528e-07,4,4,4,4,4,4,4,4,4,373
2025-02-03 11:50:16.777955,1080,4.33676e-07,4,4,4,4,4,4,4,4,4,151
2025-02-03 11:50:20.322510,1095,3.79799e-07,4,4,4,4,3,4,4,4,4,4
2025-02-03 11:50:25.924439,395,9.19157e-07,4,4,4,4,3,4,4,4,87,3
2025-02-03 11:50:29.973738,410,3.88708e-07,620,4,4,4,3,4,3,3,391,3
2025-02-03 11:50:33.506067,425,4.91068e-07,573,348,3,3,3,4,3,4,753,3
2025-02-03 11:50:37.040272,440,6.90079e-07,4,2179,4,4,4,4,4,4,982,3
2025-02-03 11:50:40.562682,455,7.88712e-07,4,2575,1139,4,4,4,4,4,1581,4
2025-02-03 11:50:44.080413,470,9.91496e-07,5,236,4106,4,3,4,4,4,1944,3
2025-02-03 11:50:47.589260,485,1.04264e-06,4,4,4573,597,5,4,5,4,2609,4
2025-02-03 11:50:51.114128,500,1.17243e-06,4,4,1706,4468,4,4,5,4,3340,4
2025-02-03 11:50:54.645155,515,1.36142e-06,4,4,123,8585,546,4,4,4,3792,4
2025-02-03 11:50:58.164588,530,1.42724e-06,4,5,4,8059,4058,4,50,5,4649,4
2025-02-03 11:51:01.679560,545,1.49659e-06,4,5,4,2337,12407,425,54,5,5395,47
2025-02-03 11:51:05.242204,560,1.62614e-06,5,5,5,448,12122,2874,28,47,5811,109
2025-02-03 11:51:08.758013,575,1.68037e-06,19,5,81,32,5660,10588,626,154,6239,370
2025-02-03 11:51:12.282007,590,1.71323e-06,6,4,248,5,1460,15902,2699,21,6627,336
2025-02-03 11:51:15.809414,605,1.74336e-06,6,5,12,5,49,11839,8578,23,7016,564
2025-02-03 11:51:19.338321,620,1.6785e-06,55,8,74,66,5,3981,17806,487,7440,492
2025-02-03 11:51:22.812035,635,1.66191e-06,95,98,100,162,69,861,17333,2397,7532,602
2025-02-03 11:51:26.340310,650,1.74941e-06,119,195,149,59,205,121,12252,9135,8057,378
2025-02-03 11:51:29.857807,665,1.79781e-06,175,112,59,118,378,177,5128,21796,8629,494
2025-02-03 11:51:33.443881,680,1.69986e-06,272,167,96,158,536,172,1955,25522,9030,795
2025-02-03 11:51:36.967595,695,1.58395e-06,185,216,165,116,465,166,804,20352,8984,600
2025-02-03 11:51:41.036464,710,1.52651e-06,92,205,240,82,269,300,376,8993,8120,604
2025-02-03 11:51:44.560821,725,1.49209e-06,108,160,159,89,265,423,146,2398,7357,783
2025-02-03 11:51:48.082104,740,1.36606e-06,176,190,152,48,248,151,40,337,6750,647
2025-02-03 11:51:51.613915,755,1.20034e-06,109,194,155,93,46,227,108,94,6267,660
2025-02-03 11:51:55.141692,770,1.05688e-06,148,215,103,180,4,337,166,77,5737,797
2025-02-03 11:51:58.624503,785,9.15908e-07,173,244,111,200,4,26,72,139,5105,573
2025-02-03 11:52:02.133226,800,8.27029e-07,24,135,122,110,4,4,72,59,4403,429
2025-02-03 11:52:05.640189,815,7.36703e-07,4,29,29,127,4,6,120,37,3785,697
2025-02-03 11:52:09.176864,830,6.83734e-07,4,57,24,16,4,4,95,41,3248,1206
2025-02-03 11:52:12.700774,845,6.43333e-07,4,73,43,5,4,6,17,5,2828,2081
2025-02-03 11:52:16.236436,860,6.46479e-07,4,5,4,5,4,6,5,4,2439,3443
2025-02-03 11:52:19.759171,875,6.37569e-07,4,5,4,4,4,4,5,4,2118,5404
2025-02-03 11:52:23.280118,890,6.38265e-07,4,5,4,4,4,4,4,4,1849,8173
2025-02-03 11:52:26.808883,905,6.16073e-07,4,5,4,4,4,4,4,4,1621,9848
2025-02-03 11:52:30.375853,920,5.61459e-07,4,3,3,3,3,4,4,4,1411,10418
2025-02-03 11:52:33.908326,935,5.42273e-07,4,5,4,4,3,4,4,4,1214,9276
2025-02-03 11:52:37.519509,950,4.96781e-07,4,5,4,4,3,4,5,4,1026,7924
2025-02-03 11:52:41.036278,965,4.89016e-07,4,4,4,4,3,5,4,4,814,6320
2025-02-03 11:52:44.580028,980,4.67283e-07,4,4,4,4,3,5,5,4,594,4763
2025-02-03 11:52:48.114922,995,4.65947e-07,4,4,4,4,3,4,5,4,395,3428
2025-02-03 11:52:51.656721,1010,4.54631e-07,4,4,4,4,4,4,4,4,217,2394
2025-02-03 11:52:55.191510,1025,4.60633e-07,5,3,4,3,3,4,5,4,73,1451
2025-02-03 11:52:58.719120,1040,4.30685e-07,4,4,4,4,3,4,4,4,5,1039
2025-02-03 11:53:02.239989,1055,4.49277e-07,4,4,4,3,4,4,4,4,4,594
2025-02-03 11:53:05.767045,1070,4.31324e-07,4,4,4,4,3,3,4,3,4,276
2025-02-03 11:53:09.366470,1085,3.63206e-07,4,4,3,3,3,4,4,4,4,105
2025-02-03 11:53:14.912474,400,3.06075e-07,124,4,3,3,4,4,3,3,160,3
2025-02-03 11:53:18.436296,415,4.25092e-07,668,5,3,4,4,4,5,4,450,4
2025-02-03 11:53:21.958056,430,5.23645e-07,253,1006,4,4,3,4,5,4,906,3
2025-02-03 11:53:25.487767,445,7.71884e-07,4,2485,60,3,4,5,4,4,1102,4
2025-02-03 11:53:28.998472,460,8.34451e-07,4,1921,2173,3,3,5,4,4,1764,3
2025-02-03 11:53:32.523387,475,1.02054e-06,4,4,4413,4,3,4,4,4,2063,5
2025-02-03 11:53:36.033360,490,1.04235e-06,4,4,4090,1404,4,4,4,4,2936,5
2025-02-03 11:53:39.634171,505,1.26565e-06,5,4,830,6346,4,4,5,4,3478,5
2025-02-03 11:53:43.171939,520,1.41776e-06,4,4,5,8835,1201,4,6,4,4031,4
2025-02-03 11:53:46.667645,535,1.4373e-06,4,4,4,6606,6493,4,59,4,4963,4
2025-02-03 11:53:50.267453,550,1.53628e-06,4,5,4,1476,13316,885,5,4,5540,93
2025-02-03 11:53:53.785220,565,1.63879e-06,12,5,5,202,10623,4693,147,96,5962,174
2025-02-03 11:53:57.298186,580,1.69665e-06,6,5,133,27,3498,14108,1066,143,6385,467
2025-02-03 11:54:00.827839,595,1.71551e-06,6,5,217,4,842,15212,4104,4,6756,386
2025-02-03 11:54:04.354225,610,1.73498e-06,6,5,25,5,4,9118,11941,106,7169,411
2025-02-03 11:54:07.863108,625,1.66625e-06,71,42,85,82,4,2553,18612,875,7566,592
2025-02-03 11:54:11.404548,640,1.68103e-06,100,138,120,102,119,361,16119,3867,7598,505
2025-02-03 11:54:14.916302,655,1.80204e-06,125,143,104,71,269,118,9633,13027,8296,401
2025-02-03 11:54:18.424732,670,1.76626e-06,216,133,73,140,411,221,3493,24393,8800,582
2025-02-03 11:54:21.968719,685,1.65359e-06,268,187,114,148,517,153,1507,24644,9090,841
2025-02-03 11:54:26.040708,700,1.53388e-06,118,215,181,83,362,169,594,16457,8532,552
2025-02-03 11:54:29.563781,715,1.53717e-06,96,189,238,87,252,365,283,5731,7897,651
2025-02-03 11:54:33.078328,730,1.45865e-06,127,167,147,78,278,311,88,1347,7143,750
2025-02-03 11:54:36.625977,745,1.33746e-06,197,220,175,61,195,147,67,226,6593,620
2025-02-03 11:54:40.148949,760,1.14529e-06,123,205,148,126,4,273,141,92,6124,707
2025-02-03 11:54:43.884756,775,9.99922e-07,174,218,104,220,4,372,185,103,5539,854
2025-02-03 11:54:47.393520,790,8.81496e-07,85,189,106,107,4,4,62,176,4887,458
2025-02-03 11:54:50.915585,805,8.00515e-07,4,73,74,101,5,4,74,29,4191,492
2025-02-03 11:54:54.438198,820,7.11353e-07,4,41,31,159,4,6,151,52,3604,831
2025-02-03 11:54:57.969001,835,6.59491e-07,4,61,29,5,5,4,56,16,3108,1451
2025-02-03 11:55:01.468160,850,6.47813e-07,4,70,17,5,4,4,5,5,2705,2482
2025-02-03 11:55:04.969628,865,6.40186e-07,5,5,4,4,5,4,5,4,2333,4025
2025-02-03 11:55:08.490418,880,6.34805e-07,5,5,4,4,4,4,5,4,2030,6226
2025-02-03 11:55:12.020268,895,6.21317e-07,4,5,4,4,4,4,5,4,1770,8699
2025-02-03 11:55:15.547744,910,6.04404e-07,5,5,4,4,4,4,4,4,1557,10369
2025-02-03 11:55:19.067886,925,5.52652e-07,4,5,4,4,3,4,5,4,1348,10228
2025-02-03 11:55:22.594369,940,5.17684e-07,4,4,4,4,3,4,4,4,1160,8877
2025-02-03 11:55:26.133511,955,5.01168e-07,5,5,4,4,4,6,5,4,963,7481
2025-02-03 11:55:29.638176,970,4.7329e-07,4,4,4,4,4,4,4,4,743,5910
2025-02-03 11:55:33.164140,985,4.73161e-07,4,4,4,4,4,4,5,4,531,4348
2025-02-03 11:55:36.666967,1000,4.76569e-07,4,5,4,4,5,4,4,4,333,2953
2025-02-03 11:55:40.219778,1015,4.58525e-07,4,5,4,4,3,4,5,4,167,2067
2025-02-03 11:55:43.844496,1030,4.62525e-07,4,4,4,4,4,4,4,4,38,1325
2025-02-03 11:55:47.354429,1045,4.25223e-07,4,4,4,4,4,5,4,4,4,849
2025-02-03 11:55:50.900048,1060,4.4259e-07,4,4,4,4,4,4,4,4,4,496
2025-02-03 11:55:54.433031,1075,3.94122e-07,4,4,4,4,3,4,5,4,4,207
2025-02-03 11:55:57.962795,1090,4.37142e-07,4,5,4,4,4,4,4,4,4,55
2025-02-03 11:56:03.559524,390,6.83279e-07,4,3,3,3,3,4,4,3,4,3
2025-02-03 11:56:07.614574,405,3.48236e-07,425,4,4,4,3,4,4,4,300,4
2025-02-03 11:56:11.146556,420,4.87683e-07,675,5,4,4,3,4,4,4,574,3
2025-02-03 11:56:14.671968,435,6.14415e-07,4,1720,4,4,4,4,4,4,957,3
2025-02-03 11:56:18.189779,450,7.61396e-07,4,2708,438,4,4,4,5,4,1329,3
2025-02-03 11:56:21.721426,465,9.14403e-07,4,932,3357,4,4,5,4,4,1868,3
2025-02-03 11:56:25.258395,480,1.02484e-06,4,4,4597,171,4,4,4,4,2298,4
2025-02-03 11:56:28.795181,495,1.09143e-06,4,4,3021,2681,4,4,5,4,3187,5
2025-02-03 11:56:32.300627,510,1.32418e-06,4,4,431,7784,189,4,5,4,3635,5
2025-02-03 11:56:35.834809,525,1.40833e-06,4,4,4,8742,2313,4,28,5,4338,4
2025-02-03 11:56:39.370662,540,1.45076e-06,4,4,3,4380,9497,143,58,5,5225,4
2025-02-03 11:56:42.942477,555,1.58816e-06,4,5,4,895,12948,1664,5,5,5676,90
2025-02-03 11:56:46.436515,570,1.64703e-06,32,4,40,60,8374,7285,335,130,6111,280
2025-02-03 11:56:49.955297,585,1.69255e-06,4,5,211,5,2128,15812,1736,105,6525,403
2025-02-03 11:56:53.469895,600,1.73495e-06,6,5,39,5,323,13914,6031,4,6896,448
2025-02-03 11:56:57.020051,615,1.72199e-06,35,5,51,41,4,6528,15585,258,7332,426
2025-02-03 11:57:00.552806,630,1.66169e-06,84,74,93,117,24,1368,18455,1487,7618,672
2025-02-03 11:57:04.099385,645,1.71471e-06,103,173,135,39,166,215,14710,6112,7848,425
2025-02-03 11:57:07.628872,660,1.79362e-06,147,125,81,94,330,150,7105,17492,8495,441
2025-02-03 11:57:11.160008,675,1.7267e-06,256,156,86,161,472,182,2667,25781,8977,687
2025-02-03 11:57:14.698820,690,1.6276e-06,210,196,135,113,498,163,1045,23038,9106,694
2025-02-03 11:57:18.844642,705,1.53119e-06,83,207,209,69,335,235,469,12537,8369,558
2025-02-03 11:57:22.309426,720,1.5106e-06,94,156,179,80,271,434,265,3598,7635,707
2025-02-03 11:57:25.823076,735,1.42779e-06,142,165,139,45,305,185,39,832,6975,687
2025-02-03 11:57:29.338004,750,1.26175e-06,136,203,163,68,161,174,83,136,6438,628
2025-02-03 11:57:32.863848,765,1.10237e-06,142,217,131,158,4,294,158,73,5963,753
2025-02-03 11:57:36.407668,780,9.64422e-07,206,243,119,264,4,233,141,117,5343,808
2025-02-03 11:57:39.952317,795,8.65073e-07,51,157,123,96,5,4,69,155,4654,427
2025-02-03 11:57:43.497310,810,7.67403e-07,4,24,35,110,4,4,89,23,4000,591
2025-02-03 11:57:47.013685,825,6.90416e-07,6,55,26,137,9,4,154,61,3432,1005
2025-02-03 11:57:50.513989,840,6.50931e-07,4,65,36,5,4,4,39,4,2973,1743
2025-02-03 11:57:54.025746,855,6.30392e-07,5,23,4,4,5,4,5,4,2573,2948
2025-02-03 11:57:57.538558,870,6.39564e-07,4,4,5,5,4,4,5,4,2228,4690
2025-02-03 11:58:01.077898,885,6.41096e-07,5,4,4,4,3,5,5,4,1940,7151
2025-02-03 11:58:04.596139,900,6.27e-07,4,5,4,4,4,4,5,4,1697,9073
2025-02-03 11:58:08.131010,915,5.91933e-07,4,5,4,5,3,4,5,4,1482,10359
2025-02-03 11:58:11.619821,930,5.55562e-07,4,4,4,4,3,4,5,4,1283,9716
2025-02-03 11:58:15.156607,945,5.07615e-07,4,4,4,4,3,6,4,4,1102,8367
2025-02-03 11:58:18.677303,960,4.89546e-07,4,5,4,4,3,4,4,4,893,6871
2025-02-03 11:58:22.211574,975,4.72097e-07,4,5,4,4,3,4,5,4,674,5387
2025-02-03 11:58:25.747088,990,4.7171e-07,5,5,4,4,3,4,4,4,467,3963
2025-02-03 11:58:29.272901,1005,4.58132e-07,4,4,4,4,4,4,4,4,277,2650
2025-02-03 11:58:32.815708,1020,4.68239e-07,4,4,4,4,4,4,4,4,119,1700
2025-02-03 11:58:36.328522,1035,4.52475e-07,4,4,4,4,3,4,4,4,4,1209
2025-02-03 11:58:39.864351,1050,4.51182e-07,4,3,4,3,4,4,4,4,3,705
2025-02-03 11:58:43.403166,1065,4.28293e-07,3,4,4,4,4,4,5,4,4,379
2025-02-03 11:58:47.036973,1080,3.89019e-07,4,4,4,4,3,4,4,3,3,156
2025-02-03 11:58:50.589799,1095,3.78043e-07,4,4,3,3,3,4,4,4,4,6
2025-02-03 11:58:56.179742,395,8.53115e-07,4,3,3,3,3,4,4,3,82,4
2025-02-03 11:59:00.240282,410,3.70822e-07,623,3,4,3,3,4,4,3,386,2
2025-02-03 11:59:03.777193,425,4.92443e-07,571,351,4,3,3,4,4,4,758,3
2025-02-03 11:59:07.302769,440,7.13023e-07,4,2198,4,3,3,4,4,4,985,3
2025-02-03 11:59:10.838712,455,7.75425e-07,4,2592,1148,4,3,4,4,5,1587,4
2025-02-03 11:59:14.356856,470,9.85112e-07,3,232,4121,4,3,4,4,5,1949,4
2025-02-03 11:59:17.885527,485,1.03486e-06,4,3,4586,601,4,4,5,4,2626,5
2025-02-03 11:59:21.397166,500,1.17687e-06,5,4,1713,4495,4,4,5,4,3358,5
2025-02-03 11:59:24.989904,515,1.36463e-06,5,3,121,8631,547,4,4,5,3811,4
2025-02-03 11:59:28.494791,530,1.42894e-06,4,5,4,8090,4080,4,52,4,4671,5
2025-02-03 11:59:32.033463,545,1.47817e-06,4,5,4,2344,12467,427,52,5,5419,46
2025-02-03 11:59:35.587414,560,1.62861e-06,6,5,4,448,12164,2893,29,49,5842,107
2025-02-03 11:59:39.127181,575,1.68443e-06,17,4,79,31,5683,10656,627,158,6272,368
2025-02-03 11:59:42.741458,590,1.7258e-06,4,5,248,4,1462,15980,2720,20,6645,334
2025-02-03 11:59:46.262661,605,1.74892e-06,4,5,14,5,50,11890,8637,21,7056,565
2025-02-03 11:59:49.800682,620,1.68662e-06,55,9,76,65,4,4003,17910,495,7495,496
2025-02-03 11:59:53.325113,635,1.66087e-06,92,102,104,162,71,862,17438,2410,7576,604
2025-02-03 11:59:56.855145,650,1.76331e-06,117,192,146,57,209,121,12302,9199,8105,379
2025-02-03 12:00:00.377659,665,1.79169e-06,174,113,64,116,382,176,5157,21916,8678,500
2025-02-03 12:00:03.864741,680,1.68799e-06,269,166,94,157,542,172,1963,25586,9067,793
2025-02-03 12:00:07.365103,695,1.59892e-06,186,221,164,118,468,166,808,20452,9024,604
2025-02-03 12:00:11.430661,710,1.53415e-06,91,206,240,83,268,305,382,9040,8166,606
2025-02-03 12:00:14.958429,725,1.50325e-06,114,157,159,92,269,421,152,2409,7398,784
2025-02-03 12:00:18.486739,740,1.38351e-06,176,195,154,52,245,153,41,339,6802,646
2025-02-03 12:00:22.018085,755,1.21868e-06,109,191,151,93,44,231,110,96,6297,662
2025-02-03 12:00:25.712741,770,1.05329e-06,149,213,105,187,5,338,166,76,5779,804
2025-02-03 12:00:29.095664,785,9.3608e-07,176,248,113,204,4,24,74,140,5138,575
2025-02-03 12:00:32.484632,800,8.21891e-07,23,136,123,108,4,4,74,56,4433,435
2025-02-03 12:00:35.900995,815,7.3271e-07,4,28,26,130,5,4,120,34,3813,700
2025-02-03 12:00:39.439301,830,6.76686e-07,5,56,21,17,5,4,94,43,3268,1213
2025-02-03 12:00:42.959326,845,6.4116e-07,4,74,40,3,4,6,13,5,2850,2095
2025-02-03 12:00:46.467868,860,6.29011e-07,4,5,5,5,5,4,5,4,2457,3470
2025-02-03 12:00:49.996092,875,6.26008e-07,4,5,4,4,4,4,4,4,2132,5437
2025-02-03 12:00:53.511561,890,6.39118e-07,5,4,4,3,4,4,4,4,1857,8226
2025-02-03 12:00:57.041448,905,6.16193e-07,4,5,4,4,3,4,5,4,1632,9916
2025-02-03 12:01:00.605360,920,5.64407e-07,4,4,4,4,4,4,4,4,1421,10491
2025-02-03 12:01:04.154816,935,5.43229e-07,5,5,4,4,3,4,4,4,1226,9343
2025-02-03 12:01:07.676240,950,4.99271e-07,4,5,4,4,3,4,4,4,1039,7976
2025-02-03 12:01:11.166171,965,4.89324e-07,3,4,4,4,3,4,4,4,822,6372
2025-02-03 12:01:14.698519,980,4.77583e-07,4,4,4,4,3,4,4,4,604,4810
2025-02-03 12:01:18.282319,995,4.62003e-07,4,4,4,4,3,4,5,4,400,3455
2025-02-03 12:01:21.844358,1010,4.68089e-07,3,4,4,4,3,5,4,4,220,2412
2025-02-03 12:01:25.307886,1025,4.46812e-07,3,4,4,5,4,4,4,4,77,1467
2025-02-03 12:01:28.857639,1040,4.59341e-07,3,4,4,3,3,4,5,4,5,1050
2025-02-03 12:01:32.391581,1055,4.19212e-07,4,5,4,3,4,4,5,4,4,601
2025-02-03 12:01:35.906558,1070,4.30003e-07,4,5,4,4,3,4,4,3,4,282
2025-02-03 12:01:39.424231,1085,3.67995e-07,4,3,4,4,3,4,4,4,4,109
2025-02-03 12:01:44.982428,400,3.10927e-07,124,4,4,4,3,4,4,4,159,3
2025-02-03 12:01:48.466531,415,4.56812e-07,672,5,4,4,3,4,4,4,448,3
2025-02-03 12:01:51.956742,430,5.06755e-07,255,1011,3,4,3,4,3,4,909,3
2025-02-03 12:01:55.480550,445,7.62806e-07,4,2501,62,4,4,4,4,3,1109,4
2025-02-03 12:01:58.957521,460,8.20202e-07,4,1933,2177,4,3,4,5,4,1777,3
2025-02-03 12:02:02.483238,475,1.01566e-06,3,5,4433,5,3,4,5,4,2072,4
2025-02-03 12:02:06.014406,490,1.04055e-06,4,4,4106,1407,4,4,5,4,2949,4
2025-02-03 12:02:09.498210,505,1.25781e-06,4,4,832,6380,5,4,5,4,3497,4
2025-02-03 12:02:12.967470,520,1.42356e-06,5,5,5,8891,1207,4,5,4,4054,4
2025-02-03 12:02:16.487755,535,1.42824e-06,4,5,4,6629,6530,4,58,4,4995,4
2025-02-03 12:02:20.039393,550,1.54763e-06,4,5,5,1487,13371,890,6,5,5565,91
2025-02-03 12:02:23.521063,565,1.64234e-06,11,4,5,199,10675,4727,148,94,5988,174
2025-02-03 12:02:26.965974,580,1.7042e-06,6,5,138,30,3508,14192,1073,143,6413,470
2025-02-03 12:02:30.455558,595,1.72004e-06,4,5,216,4,846,15284,4135,4,6781,388
2025-02-03 12:02:33.914226,610,1.73946e-06,4,5,20,4,4,9154,12029,111,7201,408
2025-02-03 12:02:37.411871,625,1.66834e-06,71,42,85,83,4,2563,18698,877,7603,592
2025-02-03 12:02:40.900525,640,1.6673e-06,97,139,121,100,119,360,16194,3886,7651,504
2025-02-03 12:02:44.363066,655,1.80307e-06,122,140,109,70,273,119,9679,13085,8338,408
2025-02-03 12:02:47.882272,670,1.77973e-06,217,133,75,139,411,216,3515,24478,8857,585
2025-02-03 12:02:51.352985,685,1.65057e-06,268,189,113,147,518,154,1510,24708,9132,843
2025-02-03 12:02:55.435097,700,1.54606e-06,119,216,179,83,359,168,598,16507,8567,554
2025-02-03 12:02:58.920773,715,1.53301e-06,97,193,239,88,254,370,286,5744,7939,652
2025-02-03 12:03:02.433842,730,1.48063e-06,127,166,152,76,279,312,87,1350,7181,754
2025-02-03 12:03:05.954962,745,1.31867e-06,196,222,173,61,196,147,68,224,6628,620
2025-02-03 12:03:09.536578,760,1.15979e-06,124,206,148,127,4,276,144,92,6162,714
2025-02-03 12:03:13.194839,775,1.00456e-06,175,223,110,225,4,374,184,101,5579,861
2025-02-03 12:03:16.746162,790,9.01579e-07,83,191,113,105,4,4,63,179,4913,463
2025-02-03 12:03:20.264463,805,8.06406e-07,4,73,73,103,4,4,74,26,4221,499
2025-02-03 12:03:23.789761,820,7.11661e-07,4,46,33,161,4,4,155,50,3629,839
2025-02-03 12:03:27.318324,835,6.66325e-07,4,57,28,5,5,4,56,14,3129,1459
2025-02-03 12:03:30.888612,850,6.49359e-07,4,69,18,5,4,4,5,4,2721,2506
2025-02-03 12:03:34.424362,865,6.29332e-07,5,5,4,4,4,4,4,4,2347,4055
2025-02-03 12:03:37.953121,880,6.25561e-07,4,5,4,4,5,4,3,4,2039,6267
2025-02-03 12:03:41.451226,895,6.17598e-07,4,4,4,4,4,4,5,4,1781,8761
2025-02-03 12:03:44.935375,910,5.96973e-07,4,4,4,4,4,4,4,4,1560,10449
2025-02-03 12:03:48.454127,925,5.68894e-07,4,5,4,4,3,4,5,4,1357,10300
2025-02-03 12:03:51.986857,940,5.21529e-07,5,4,4,4,3,6,5,4,1167,8945
2025-02-03 12:03:55.479927,955,4.9566e-07,4,5,4,4,4,4,4,3,968,7541
2025-02-03 12:03:58.989732,970,4.77884e-07,4,4,4,4,3,4,5,4,748,5954
2025-02-03 12:04:02.482059,985,4.6765e-07,4,5,4,4,3,4,4,4,535,4383
2025-02-03 12:04:05.987502,1000,4.67451e-07,4,5,4,4,3,4,5,4,336,2979
2025-02-03 12:04:09.489955,1015,4.74018e-07,4,4,4,4,3,4,5,4,166,2087
2025-02-03 12:04:13.016018,1030,4.51892e-07,5,3,4,4,3,4,5,4,36,1337
2025-02-03 12:04:16.557192,1045,4.41553e-07,4,4,4,4,3,4,3,4,5,861
2025-02-03 12:04:20.048529,1060,4.47037e-07,4,4,4,4,3,4,4,4,4,505
2025-02-03 12:04:23.611980,1075,4.1954e-07,4,4,4,4,3,4,4,4,4,205
2025-02-03 12:04:27.161978,1090,3.68276e-07,4,4,3,3,4,4,4,4,4,56
2025-02-03 12:04:32.744232,390,7.55723e-07,4,4,4,3,3,4,3,3,4,3
2025-02-03 12:04:36.778066,405,3.48971e-07,426,4,3,3,3,4,4,4,300,3
2025-02-03 12:04:40.305449,420,4.86209e-07,679,5,3,4,3,3,4,3,578,3
2025-02-03 12:04:43.797953,435,6.09039e-07,5,1731,4,4,3,4,5,4,961,3
2025-02-03 12:04:47.273337,450,7.84882e-07,4,2714,442,4,3,4,4,4,1336,3
2025-02-03 12:04:50.808949,465,8.99112e-07,4,936,3369,4,3,4,5,4,1879,4
2025-02-03 12:04:54.295636,480,1.05539e-06,5,5,4617,173,4,4,4,4,2312,4
2025-02-03 12:04:57.773721,495,1.09739e-06,4,4,3034,2698,3,4,4,4,3197,4
2025-02-03 12:05:01.286307,510,1.33441e-06,5,4,432,7822,185,4,5,4,3642,4
2025-02-03 12:05:04.817576,525,1.41641e-06,4,4,4,8773,2325,4,29,5,4358,4
2025-02-03 12:05:08.318587,540,1.44105e-06,4,4,4,4395,9552,142,59,4,5247,5
2025-02-03 12:05:11.888059,555,1.59917e-06,6,4,4,896,13021,1672,5,5,5708,89
2025-02-03 12:05:15.506024,570,1.64594e-06,33,4,40,60,8414,7330,334,131,6139,280
2025-02-03 12:05:19.055827,585,1.71027e-06,6,5,207,5,2131,15895,1747,100,6555,402
2025-02-03 12:05:22.596904,600,1.74849e-06,6,4,41,5,325,13980,6078,4,6942,452
2025-02-03 12:05:26.110700,615,1.72305e-06,35,5,48,41,4,6563,15682,260,7369,431
2025-02-03 12:05:29.631025,630,1.66482e-06,84,75,93,119,24,1372,18553,1493,7659,677
2025-02-03 12:05:33.150857,645,1.72891e-06,105,176,134,40,166,216,14773,6154,7888,426
2025-02-03 12:05:36.669209,660,1.80129e-06,147,125,85,94,325,156,7144,17584,8538,442
2025-02-03 12:05:40.231998,675,1.73405e-06,257,154,84,161,477,183,2680,25917,9008,690
2025-02-03 12:05:43.765775,690,1.61632e-06,214,194,133,113,500,161,1046,23153,9159,697
2025-02-03 12:05:47.784425,705,1.54975e-06,85,211,212,68,334,240,469,12573,8404,558
2025-02-03 12:05:51.296427,720,1.52938e-06,97,158,176,79,272,436,270,3620,7687,712
2025-02-03 12:05:54.743036,735,1.42682e-06,142,168,138,47,304,187,39,832,7004,692
2025-02-03 12:05:58.227299,750,1.28209e-06,138,209,164,70,160,179,87,141,6479,630
2025-02-03 12:06:01.931455,765,1.10434e-06,142,219,132,159,4,297,160,71,6005,756
2025-02-03 12:06:05.452906,780,9.77709e-07,209,243,117,267,4,237,143,118,5378,813
2025-02-03 12:06:08.946353,795,8.46795e-07,55,162,123,100,4,4,67,161,4687,428
2025-02-03 12:06:12.452620,810,7.80695e-07,4,27,36,106,5,5,93,22,4025,590
2025-02-03 12:06:15.988501,825,6.9299e-07,4,56,27,135,9,6,156,57,3456,1016
2025-02-03 12:06:19.479219,840,6.70583e-07,4,70,35,5,5,6,41,4,2995,1761
2025-02-03 12:06:23.052079,855,6.52865e-07,4,20,5,4,4,4,5,4,2593,2972
2025-02-03 12:06:26.585051,870,6.27837e-07,4,5,4,4,4,4,5,4,2242,4720
2025-02-03 12:06:30.106277,885,6.29166e-07,4,5,4,4,5,4,4,4,1951,7198
2025-02-03 12:06:33.605616,900,6.08741e-07,4,5,4,4,4,4,4,4,1708,9125
2025-02-03 12:06:37.138030,915,5.77654e-07,4,5,4,4,4,4,4,4,1491,10420
2025-02-03 12:06:40.690536,930,5.43574e-07,4,4,4,4,3,6,4,4,1290,9770
2025-02-03 12:06:44.146275,945,5.17136e-07,4,5,5,4,4,4,4,3,1104,8423
2025-02-03 12:06:47.673557,960,4.83542e-07,4,4,4,4,4,5,5,4,898,6918
2025-02-03 12:06:51.209237,975,4.88012e-07,4,5,4,4,3,4,5,4,677,5418
2025-02-03 12:06:54.744035,990,4.66053e-07,4,3,4,4,3,4,4,4,468,3995
2025-02-03 12:06:58.251576,1005,4.66143e-07,3,5,4,4,3,5,5,4,275,2674
2025-02-03 12:07:01.692901,1020,4.68593e-07,4,4,3,4,4,4,4,4,121,1715
2025-02-03 12:07:05.316557,1035,4.43346e-07,4,4,4,4,4,4,5,4,5,1223
2025-02-03 12:07:08.815155,1050,4.52026e-07,4,4,4,4,4,4,4,4,4,715
2025-02-03 12:07:12.306048,1065,4.18785e-07,4,4,4,3,4,4,3,3,4,385
2025-02-03 12:07:15.868898,1080,3.76328e-07,4,3,4,4,3,4,5,4,4,161
2025-02-03 12:07:19.384378,1095,3.95603e-07,4,3,3,3,3,3,4,4,3,5
2025-02-03 12:07:24.993657,395,8.65504e-07,4,3,4,4,4,4,4,4,84,3
2025-02-03 12:07:28.982204,410,3.9797e-07,625,4,4,4,4,3,4,3,390,3
2025-02-03 12:07:32.440670,425,4.68965e-07,575,352,4,4,3,4,4,3,759,3
2025-02-03 12:07:35.959444,440,6.99491e-07,4,2208,4,3,3,4,4,4,991,3
2025-02-03 12:07:39.455553,455,7.64486e-07,4,2602,1158,4,3,4,4,4,1593,3
2025-02-03 12:07:42.977304,470,9.75738e-07,5,237,4147,4,4,5,5,4,1959,5
2025-02-03 12:07:46.524524,485,1.0318e-06,4,4,4618,605,4,4,4,4,2638,4
2025-02-03 12:07:50.084365,500,1.16847e-06,4,4,1724,4520,3,5,5,4,3373,5
2025-02-03 12:07:53.563696,515,1.39279e-06,4,4,124,8670,550,4,4,4,3829,4
2025-02-03 12:07:57.073962,530,1.42324e-06,4,4,4,8133,4092,4,53,4,4695,4
2025-02-03 12:08:00.563001,545,1.50192e-06,4,4,4,2352,12517,428,53,4,5448,45
2025-02-03 12:08:04.022448,560,1.62313e-06,6,5,5,454,12222,2909,31,49,5878,109
2025-02-03 12:08:07.559811,575,1.67631e-06,17,5,80,31,5708,10718,635,156,6304,369
2025-02-03 12:08:11.063216,590,1.71644e-06,6,5,247,4,1466,16064,2732,17,6696,338
2025-02-03 12:08:14.518346,605,1.74892e-06,4,5,12,5,48,11944,8691,21,7093,568
2025-02-03 12:08:18.062573,620,1.70471e-06,53,11,73,65,4,4018,17982,493,7522,499
2025-02-03 12:08:21.553276,635,1.651e-06,95,99,102,161,72,871,17501,2426,7611,609
2025-02-03 12:08:25.096002,650,1.78364e-06,120,195,146,55,210,119,12354,9238,8150,381
2025-02-03 12:08:28.629290,665,1.8075e-06,174,113,59,114,381,178,5175,22028,8719,501
2025-02-03 12:08:32.270772,680,1.70872e-06,271,172,94,159,547,164,1970,25713,9110,798
2025-02-03 12:08:35.763846,695,1.60641e-06,189,221,164,117,470,166,809,20517,9072,609
2025-02-03 12:08:39.833381,710,1.53193e-06,93,205,239,84,274,305,380,9073,8199,609
2025-02-03 12:08:43.374346,725,1.50884e-06,113,157,158,90,267,426,147,2423,7433,789
2025-02-03 12:08:46.926835,740,1.39737e-06,180,192,153,51,248,155,41,340,6844,651
2025-02-03 12:08:50.458303,755,1.23045e-06,111,193,151,91,43,231,109,92,6339,667
2025-02-03 12:08:54.268018,770,1.04997e-06,152,217,105,191,4,340,168,81,5810,809
2025-02-03 12:08:57.760623,785,9.37404e-07,176,247,113,202,4,27,77,143,5181,582
2025-02-03 12:09:01.239110,800,8.16505e-07,23,133,122,109,4,4,76,58,4461,437
2025-02-03 12:09:04.767814,815,7.50229e-07,4,29,27,129,4,4,120,35,3835,711
2025-02-03 12:09:08.220272,830,6.9217e-07,4,59,25,16,5,4,96,44,3293,1225
2025-02-03 12:09:11.717953,845,6.6123e-07,5,76,44,5,5,4,11,4,2867,2112
2025-02-03 12:09:15.261456,860,6.36761e-07,4,5,4,4,5,4,5,4,2471,3494
2025-02-03 12:09:18.750331,875,6.32499e-07,4,5,4,4,4,4,5,4,2151,5481
2025-02-03 12:09:22.218651,890,6.25438e-07,4,4,4,4,4,4,3,4,1869,8283
2025-02-03 12:09:25.745953,905,6.18881e-07,4,4,4,4,4,4,4,4,1639,9974
2025-02-03 12:09:29.232286,920,5.65417e-07,4,5,4,5,4,4,4,4,1431,10554
2025-02-03 12:09:32.702456,935,5.42683e-07,4,5,4,4,3,4,3,4,1226,9404
2025-02-03 12:09:36.225151,950,5.04577e-07,4,4,4,4,3,4,4,4,1046,8032
2025-02-03 12:09:39.760765,965,4.79445e-07,4,5,4,4,3,0,0,0,827,6419
2025-02-03 12:09:43.267324,980,4.75905e-07,4,3,4,4,3,4,5,4,608,4845
2025-02-03 12:09:46.777302,995,4.64329e-07,4,4,4,4,4,5,4,4,406,3482
2025-02-03 12:09:50.237274,1010,4.58943e-07,4,4,4,4,3,4,4,4,217,2436
2025-02-03 12:09:53.748054,1025,4.48698e-07,3,4,3,4,3,4,3,4,77,1481
2025-02-03 12:09:57.300477,1040,4.55687e-07,3,4,4,4,3,5,5,4,5,1063
2025-02-03 12:10:00.828789,1055,4.31484e-07,4,3,4,3,3,4,4,4,4,609
2025-02-03 12:10:04.300693,1070,4.36722e-07,4,4,4,4,3,4,4,4,4,283
2025-02-03 12:10:07.832940,1085,4.41479e-07,4,4,3,3,3,4,3,4,3,113
2025-02-03 12:10:13.392071,400,3.01183e-07,124,3,3,4,3,4,3,4,159,3
2025-02-03 12:10:16.915460,415,4.284e-07,673,4,4,4,3,4,4,3,453,3
2025-02-03 12:10:20.426510,430,5.11532e-07,254,1020,4,4,3,4,4,3,911,4
2025-02-03 12:10:23.925852,445,7.49898e-07,4,2507,66,3,3,4,4,4,1112,4
2025-02-03 12:10:27.458926,460,8.13078e-07,3,1934,2197,4,3,4,4,4,1781,3
2025-02-03 12:10:30.995740,475,1.02729e-06,4,5,4450,5,4,4,4,4,2082,4
2025-02-03 12:10:34.511582,490,1.04268e-06,4,4,4123,1417,3,4,4,4,2965,4
2025-02-03 12:10:38.031241,505,1.24499e-06,4,4,839,6425,5,4,5,5,3506,4
2025-02-03 12:10:41.551109,520,1.39956e-06,4,4,5,8936,1214,4,6,5,4072,4
2025-02-03 12:10:45.081894,535,1.41825e-06,4,4,4,6660,6564,4,62,4,5016,5
2025-02-03 12:10:48.674874,550,1.55178e-06,4,5,4,1488,13437,896,5,4,5586,92
2025-02-03 12:10:52.171645,565,1.64534e-06,13,5,5,199,10714,4749,150,94,6029,175
2025-02-03 12:10:55.688511,580,1.68749e-06,6,5,139,27,3518,14272,1084,144,6443,472
2025-02-03 12:10:59.208330,595,1.72483e-06,6,5,215,5,846,15350,4154,4,6811,387
2025-02-03 12:11:02.729111,610,1.71889e-06,5,5,20,5,4,9189,12074,109,7231,410
2025-02-03 12:11:06.268990,625,1.68584e-06,73,45,87,83,4,2571,18770,882,7647,594
2025-02-03 12:11:09.808772,640,1.68983e-06,101,136,124,103,119,360,16260,3909,7672,507
2025-02-03 12:11:13.335615,655,1.80717e-06,121,143,109,70,272,121,9728,13168,8373,406
2025-02-03 12:11:16.865037,670,1.78659e-06,217,134,73,138,413,222,3519,24616,8900,590
2025-02-03 12:11:20.406636,685,1.65611e-06,269,188,113,145,525,153,1514,24840,9186,848
2025-02-03 12:11:24.446839,700,1.52518e-06,118,217,181,85,359,168,599,16561,8602,557
2025-02-03 12:11:27.994880,715,1.53644e-06,100,194,236,89,258,373,286,5767,7972,656
2025-02-03 12:11:31.548870,730,1.46275e-06,126,169,150,75,281,318,87,1357,7214,758
2025-02-03 12:11:35.066764,745,1.34411e-06,199,223,174,61,197,151,68,225,6667,625
2025-02-03 12:11:38.593732,760,1.17452e-06,125,206,146,127,4,277,143,93,6193,717
2025-02-03 12:11:42.288435,775,1.00267e-06,177,223,108,229,4,377,184,105,5612,869
2025-02-03 12:11:45.785872,790,8.82858e-07,86,194,108,103,5,4,65,178,4945,464
2025-02-03 12:11:49.317708,805,7.9969e-07,6,77,76,106,5,4,72,30,4252,500
2025-02-03 12:11:52.824357,820,7.1482e-07,4,46,29,159,4,6,156,49,3655,846
2025-02-03 12:11:56.349439,835,6.80252e-07,4,61,26,4,5,4,55,16,3149,1472
2025-02-03 12:11:59.892014,850,6.46966e-07,4,64,15,5,4,6,4,4,2740,2519
2025-02-03 12:12:03.433262,865,6.39936e-07,4,5,4,5,4,4,5,4,2359,4081
2025-02-03 12:12:07.019209,880,6.46859e-07,4,4,4,4,4,0,0,0,2053,6314
2025-02-03 12:12:10.562359,895,6.29724e-07,4,4,4,4,3,4,5,4,1793,8809
2025-02-03 12:12:14.078041,910,6.01747e-07,4,5,4,4,3,4,4,4,1571,10504
2025-02-03 12:12:17.606471,925,5.52415e-07,4,4,4,4,3,4,5,4,1364,10361
2025-02-03 12:12:21.102895,940,5.2615e-07,4,5,4,4,4,4,5,4,1176,8985
2025-02-03 12:12:24.612572,955,5.08872e-07,4,5,4,5,4,4,4,4,977,7574
2025-02-03 12:12:28.122615,970,4.77498e-07,3,4,4,4,3,4,3,4,755,5993
2025-02-03 12:12:31.674956,985,4.84144e-07,4,4,4,4,3,4,3,4,538,4407
2025-02-03 12:12:35.152508,1000,4.80592e-07,4,4,4,4,3,5,5,4,337,2999
2025-02-03 12:12:38.664801,1015,4.56018e-07,4,5,4,4,4,4,5,4,172,2104
2025-02-03 12:12:42.158719,1030,4.58788e-07,4,4,3,4,3,4,4,4,36,1349
2025-02-03 12:12:45.699085,1045,4.37895e-07,4,4,3,3,3,4,5,4,5,866
2025-02-03 12:12:49.216030,1060,4.23561e-07,4,4,4,4,3,4,4,4,4,511
2025-02-03 12:12:52.716025,1075,3.9674e-07,4,4,3,3,3,4,5,4,4,211
2025-02-03 12:12:56.223263,1090,3.69236e-07,4,4,4,4,3,4,3,4,4,59
2025-02-03 12:13:01.812950,390,6.85635e-07,3,4,3,3,3,4,4,4,4,3
2025-02-03 12:13:05.891733,405,3.32422e-07,431,4,4,3,3,4,4,4,299,3
2025-02-03 12:13:09.383317,420,4.90093e-07,679,4,3,4,4,4,4,4,575,3
2025-02-03 12:13:12.953121,435,5.99376e-07,4,1737,4,4,3,3,4,4,962,3
2025-02-03 12:13:16.485562,450,7.86153e-07,4,2730,445,3,3,4,4,4,1343,4
2025-02-03 12:13:19.983068,465,9.2145e-07,4,938,3388,4,3,4,5,5,1887,4
2025-02-03 12:13:23.465206,480,1.03431e-06,5,5,4646,171,4,4,4,4,2319,3
2025-02-03 12:13:27.025179,495,1.11285e-06,4,4,3050,2712,4,4,4,4,3207,4
2025-02-03 12:13:30.492955,510,1.32004e-06,4,4,437,7857,187,4,4,5,3658,4
2025-02-03 12:13:33.998131,525,1.4095e-06,5,4,4,8830,2337,4,30,5,4373,4
2025-02-03 12:13:37.500605,540,1.44691e-06,4,5,4,4423,9596,141,60,5,5268,5
2025-02-03 12:13:41.064334,555,1.60358e-06,5,5,4,897,13074,1680,4,5,5725,89
2025-02-03 12:13:44.569007,570,1.67338e-06,33,4,36,62,8446,7369,341,127,6169,280
2025-02-03 12:13:48.080073,585,1.69872e-06,6,5,210,5,2146,15963,1758,100,6584,404
2025-02-03 12:13:51.595659,600,1.75301e-06,6,5,41,5,326,14039,6103,4,6957,456
2025-02-03 12:13:55.235845,615,1.71358e-06,33,5,50,40,4,6585,15762,260,7398,431
2025-02-03 12:13:58.767323,630,1.67967e-06,82,75,96,119,23,1376,18631,1498,7686,677
2025-02-03 12:14:02.296963,645,1.73975e-06,103,174,138,39,170,213,14840,6179,7924,423
2025-02-03 12:14:05.798215,660,1.8238e-06,148,126,79,95,329,154,7163,17671,8570,443
2025-02-03 12:14:09.336825,675,1.74848e-06,258,150,83,166,479,183,2685,26055,9049,696
2025-02-03 12:14:12.875235,690,1.61507e-06,213,196,134,114,505,164,1054,23260,9182,700
2025-02-03 12:14:16.878298,705,1.53268e-06,82,209,211,66,336,237,471,12619,8434,559
2025-02-03 12:14:20.463351,720,1.52987e-06,96,157,175,80,274,433,271,3626,7720,711
2025-02-03 12:14:23.974285,735,1.44124e-06,143,169,140,46,307,188,39,829,7034,696
2025-02-03 12:14:27.462761,750,1.27713e-06,138,210,166,69,160,177,82,136,6510,634
2025-02-03 12:14:30.971709,765,1.10609e-06,141,224,136,160,4,300,162,72,6033,761
2025-02-03 12:14:34.471725,780,9.63413e-07,210,242,122,267,5,234,144,118,5410,822
2025-02-03 12:14:37.900105,795,8.55077e-07,51,159,123,99,4,4,70,157,4707,428
2025-02-03 12:14:41.378988,810,7.76546e-07,4,25,39,107,4,4,93,20,4051,597
2025-02-03 12:14:44.837601,825,7.0069e-07,4,58,28,137,6,4,158,62,3484,1021
2025-02-03 12:14:48.297657,840,6.69298e-07,4,67,38,5,4,4,36,4,3013,1768
2025-02-03 12:14:51.786146,855,6.4364e-07,4,19,5,4,4,4,5,4,2607,2989
2025-02-03 12:14:55.263560,870,6.47314e-07,4,5,4,4,4,6,4,4,2256,4746
2025-02-03 12:14:58.746341,885,6.36181e-07,4,5,4,4,4,4,3,4,1961,7235
2025-02-03 12:15:02.307480,900,6.08922e-07,5,4,4,4,4,4,5,4,1717,9178
2025-02-03 12:15:05.764796,915,5.93325e-07,4,4,4,4,3,4,5,4,1498,10480
2025-02-03 12:15:09.252423,930,5.57893e-07,5,4,4,4,3,4,3,4,1297,9830
2025-02-03 12:15:12.784574,945,5.18819e-07,4,5,4,4,3,4,4,3,1118,8478
2025-02-03 12:15:16.256676,960,4.85524e-07,4,4,4,4,3,4,4,4,902,6965
2025-02-03 12:15:19.750688,975,4.88729e-07,4,4,4,4,3,4,5,4,680,5456
2025-02-03 12:15:23.254433,990,4.68383e-07,4,4,4,4,4,4,5,4,470,4021
2025-02-03 12:15:26.772869,1005,4.74893e-07,4,5,4,4,3,4,5,4,276,2692
2025-02-03 12:15:30.185646,1020,4.69796e-07,5,4,4,4,3,4,3,4,121,1728
2025-02-03 12:15:33.593379,1035,4.41036e-07,4,5,4,4,3,4,3,4,5,1235
2025-02-03 12:15:37.006411,1050,4.30848e-07,4,4,3,4,4,4,3,4,4,723
2025-02-03 12:15:40.478488,1065,4.31274e-07,4,4,4,3,3,4,4,4,4,393
2025-02-03 12:15:44.011431,1080,3.8716e-07,5,3,4,4,3,4,3,4,4,163
2025-02-03 12:15:47.539983,1095,4.46524e-07,4,4,4,3,4,4,3,3,2,5
2025-02-03 12:15:53.106019,395,8.55066e-07,4,4,3,4,4,4,4,3,83,4
2025-02-03 12:15:57.191133,410,3.71651e-07,629,4,4,4,3,4,4,3,390,3
2025-02-03 12:16:00.668519,425,4.70939e-07,580,354,4,4,3,3,3,4,762,3
2025-02-03 12:16:04.156916,440,7.11984e-07,4,2219,4,4,3,3,3,4,992,3
2025-02-03 12:16:07.721669,455,7.85785e-07,4,2617,1169,4,3,4,4,4,1597,3
2025-02-03 12:16:11.193652,470,9.87229e-07,4,235,4163,4,4,4,4,4,1974,4
2025-02-03 12:16:14.690732,485,1.05512e-06,4,3,4632,605,4,3,4,3,2652,4
2025-02-03 12:16:18.230617,500,1.16643e-06,4,4,1729,4536,4,4,5,5,3390,4
2025-02-03 12:16:21.750642,515,1.36984e-06,4,3,120,8698,552,4,5,4,3847,4
2025-02-03 12:16:25.249311,530,1.42423e-06,4,4,4,8158,4123,4,53,5,4713,4
2025-02-03 12:16:28.966936,545,1.50595e-06,4,5,4,2357,12589,427,50,4,5468,46
2025-02-03 12:16:32.513124,560,1.60668e-06,6,5,5,453,12282,2920,29,46,5900,109
2025-02-03 12:16:36.062874,575,1.69282e-06,14,5,80,30,5726,10762,633,155,6327,373
2025-02-03 12:16:39.591317,590,1.71376e-06,4,5,254,5,1474,16122,2746,17,6715,337
2025-02-03 12:16:43.127803,605,1.7558e-06,6,5,10,5,47,11982,8725,19,7110,570
2025-02-03 12:16:46.662904,620,1.70261e-06,53,9,71,66,4,4024,18082,497,7554,502
2025-02-03 12:16:50.167908,635,1.66658e-06,93,100,104,162,72,867,17604,2440,7650,610
2025-02-03 12:16:53.711495,650,1.76459e-06,119,195,146,55,210,119,12409,9280,8182,383
2025-02-03 12:16:57.252572,665,1.79985e-06,173,110,62,114,385,180,5197,22122,8764,504
2025-02-03 12:17:00.843741,680,1.72645e-06,278,168,97,159,548,169,1977,25842,9154,801
2025-02-03 12:17:04.457603,695,1.59437e-06,190,220,163,118,468,164,816,20615,9116,609
2025-02-03 12:17:08.523590,710,1.53489e-06,93,208,238,84,274,303,383,9095,8245,613
2025-02-03 12:17:12.117451,725,1.4967e-06,113,160,159,94,270,425,149,2423,7474,795
2025-02-03 12:17:15.645703,740,1.37754e-06,178,193,154,54,249,154,39,341,6862,655
2025-02-03 12:17:19.185064,755,1.21774e-06,109,196,158,95,48,231,112,94,6377,672
2025-02-03 12:17:22.726068,770,1.05572e-06,151,217,105,186,4,346,167,81,5852,814
2025-02-03 12:17:26.238045,785,9.42949e-07,177,248,113,205,4,25,75,142,5192,585
2025-02-03 12:17:29.769713,800,8.2685e-07,24,135,125,109,4,4,75,62,4482,446
2025-02-03 12:17:33.325737,815,7.37564e-07,4,30,31,127,4,6,122,39,3855,714
2025-02-03 12:17:36.910448,830,6.98763e-07,4,57,20,17,4,6,96,42,3319,1232
2025-02-03 12:17:40.388005,845,6.65043e-07,4,76,38,4,3,4,15,5,2888,2128
2025-02-03 12:17:43.914674,860,6.33577e-07,4,5,4,4,4,6,4,4,2485,3512
2025-02-03 12:17:47.458205,875,6.32458e-07,5,4,4,4,4,4,4,4,2157,5506
2025-02-03 12:17:50.990238,890,6.40944e-07,4,5,4,5,4,4,5,5,1880,8316
2025-02-03 12:17:54.487812,905,5.99707e-07,5,5,4,4,4,4,5,4,1652,10036
2025-02-03 12:17:57.987536,920,5.81862e-07,4,5,4,4,3,5,4,4,1436,10605
2025-02-03 12:18:01.512894,935,5.33344e-07,4,4,4,4,4,6,4,4,1239,9459
2025-02-03 12:18:05.029007,950,5.01548e-07,4,5,4,4,3,6,4,4,1047,8071
2025-02-03 12:18:08.522520,965,4.85319e-07,4,4,4,4,4,4,5,4,829,6442
2025-02-03 12:18:12.032674,980,4.82577e-07,4,4,4,4,4,4,4,4,610,4875
2025-02-03 12:18:15.543557,995,4.70843e-07,4,5,4,4,3,4,5,4,404,3504
2025-02-03 12:18:19.129936,1010,4.58594e-07,4,5,4,4,3,4,4,4,224,2448
2025-02-03 12:18:22.656887,1025,4.54281e-07,4,4,3,4,3,4,5,4,80,1496
2025-02-03 12:18:26.177422,1040,4.38298e-07,4,4,4,4,3,4,4,4,4,1072
2025-02-03 12:18:29.678593,1055,4.53e-07,4,3,4,3,3,4,4,3,4,617
2025-02-03 12:18:33.193339,1070,4.20527e-07,4,4,4,3,3,5,4,4,4,288
2025-02-03 12:18:36.737198,1085,3.75297e-07,4,4,3,3,3,4,4,3,3,114
2025-02-03 12:18:42.306514,400,3.22024e-07,123,4,4,4,3,4,4,3,163,3
2025-02-03 12:18:45.789656,415,4.60157e-07,675,5,3,3,3,3,4,3,456,2
2025-02-03 12:18:49.271941,430,5.06236e-07,255,1024,3,4,4,4,4,4,918,3
2025-02-03 12:18:52.848808,445,7.73832e-07,4,2525,67,3,3,4,3,4,1113,3
2025-02-03 12:18:56.353117,460,8.22301e-07,4,1945,2200,4,4,4,4,4,1794,3
2025-02-03 12:18:59.854270,475,1.02011e-06,4,5,4474,5,3,4,4,4,2094,3
2025-02-03 12:19:03.393076,490,1.05337e-06,4,3,4135,1426,3,4,5,4,2972,4
2025-02-03 12:19:06.877653,505,1.26497e-06,4,4,835,6436,4,4,4,4,3523,4
2025-02-03 12:19:10.379765,520,1.42805e-06,4,4,4,8981,1218,4,6,5,4085,5
2025-02-03 12:19:13.902442,535,1.44458e-06,4,4,4,6689,6590,4,60,4,5037,4
2025-02-03 12:19:17.456224,550,1.56202e-06,4,4,4,1491,13475,898,5,5,5611,92
2025-02-03 12:19:20.937157,565,1.65407e-06,10,4,5,200,10761,4765,147,95,6036,176
2025-02-03 12:19:24.437373,580,1.69531e-06,5,5,139,28,3531,14320,1083,143,6473,473
2025-02-03 12:19:27.946348,595,1.73629e-06,6,5,215,5,848,15407,4169,4,6838,392
2025-02-03 12:19:31.552385,610,1.74595e-06,6,4,19,4,4,9219,12125,107,7269,407
2025-02-03 12:19:35.059628,625,1.68924e-06,71,42,85,84,4,2575,18869,890,7663,595
2025-02-03 12:19:38.572212,640,1.67067e-06,99,135,125,99,120,360,16320,3929,7709,509
2025-02-03 12:19:42.078104,655,1.79357e-06,120,139,107,68,277,116,9759,13213,8420,408
2025-02-03 12:19:45.614281,670,1.76778e-06,216,134,69,142,413,221,3534,24734,8948,591
2025-02-03 12:19:49.124310,685,1.67145e-06,268,186,116,146,524,156,1522,24961,9206,853
2025-02-03 12:19:53.164509,700,1.53214e-06,117,215,179,80,360,167,600,16614,8637,557
2025-02-03 12:19:56.710256,715,1.53668e-06,99,193,241,88,258,371,286,5787,8020,662
2025-02-03 12:20:00.191161,730,1.4828e-06,126,169,152,74,283,314,87,1362,7260,758
2025-02-03 12:20:03.729109,745,1.34792e-06,199,224,176,58,198,148,65,225,6704,627
2025-02-03 12:20:07.364312,760,1.16844e-06,123,208,152,126,4,276,142,94,6232,720
2025-02-03 12:20:11.049219,775,1.00959e-06,180,223,109,229,4,376,186,106,5648,870
2025-02-03 12:20:14.561412,790,8.96042e-07,89,192,112,108,4,4,66,178,4978,464
2025-02-03 12:20:18.090193,805,7.94379e-07,6,76,72,105,5,4,76,28,4279,503
2025-02-03 12:20:21.612493,820,7.21643e-07,4,44,32,163,4,6,157,54,3674,851
2025-02-03 12:20:25.072405,835,6.66714e-07,4,55,26,5,4,5,58,12,3167,1483
2025-02-03 12:20:28.583863,850,6.38853e-07,4,68,14,4,4,4,5,4,2756,2534
2025-02-03 12:20:32.113629,865,6.45227e-07,4,4,4,4,4,4,4,4,2377,4106
2025-02-03 12:20:35.616998,880,6.3171e-07,4,4,4,4,4,4,4,4,2064,6331
2025-02-03 12:20:39.103760,895,6.18912e-07,5,5,4,4,4,4,4,4,1801,8857
2025-02-03 12:20:42.619252,910,6.0782e-07,4,5,4,4,3,4,5,4,1580,10548
2025-02-03 12:20:46.097581,925,5.69091e-07,4,4,5,4,3,4,5,4,1365,10412
2025-02-03 12:20:49.519098,940,5.17432e-07,4,4,4,4,3,4,5,3,1179,9029
2025-02-03 12:20:53.045347,955,5.08179e-07,4,4,4,4,3,4,5,4,979,7622
2025-02-03 12:20:56.518296,970,4.90277e-07,4,4,4,4,3,4,5,4,760,6033
2025-02-03 12:20:59.983395,985,4.67276e-07,4,4,4,4,3,4,3,4,543,4434
2025-02-03 12:21:03.473089,1000,4.62748e-07,4,5,4,4,4,4,4,4,344,3022
2025-02-03 12:21:06.977837,1015,4.68033e-07,4,3,4,4,3,4,3,4,167,2117
2025-02-03 12:21:10.453019,1030,4.63184e-07,4,5,4,4,3,4,4,3,40,1359
2025-02-03 12:21:14.039266,1045,4.35068e-07,4,4,4,4,3,4,4,4,4,880
2025-02-03 12:21:17.556183,1060,4.54282e-07,3,3,4,4,3,4,4,4,4,518
2025-02-03 12:21:21.039193,1075,4.33717e-07,4,5,3,4,3,4,4,4,4,216
2025-02-03 12:21:24.568817,1090,4.38364e-07,4,4,3,3,3,4,4,3,3,65
2025-02-03 12:21:30.142439,390,6.94538e-07,4,4,3,3,2,4,4,4,5,3
2025-02-03 12:21:34.234954,405,3.20822e-07,432,4,3,3,3,4,4,3,302,3
2025-02-03 12:21:37.942576,420,4.8222e-07,684,5,4,4,3,4,4,4,578,3
2025-02-03 12:21:41.474955,435,6.07848e-07,4,1745,4,4,3,4,3,4,970,3
2025-02-03 12:21:44.977067,450,7.62015e-07,4,2749,447,4,3,4,3,4,1346,4
2025-02-03 12:21:48.474977,465,9.22205e-07,4,939,3407,4,3,4,4,4,1892,3
2025-02-03 12:21:52.008259,480,1.03113e-06,4,4,4659,170,5,4,5,4,2334,4
2025-02-03 12:21:55.497245,495,1.12021e-06,4,3,3054,2722,3,4,4,4,3225,3
2025-02-03 12:21:58.977336,510,1.33438e-06,4,3,438,7905,187,3,5,4,3676,4
2025-02-03 12:22:02.445684,525,1.41981e-06,4,4,4,8867,2346,4,28,5,4401,3
2025-02-03 12:22:05.914478,540,1.47183e-06,4,5,4,4425,9635,142,58,4,5299,5
2025-02-03 12:22:09.476948,555,1.60495e-06,4,4,4,903,13112,1684,5,4,5747,88
2025-02-03 12:22:13.015412,570,1.65817e-06,32,4,39,58,8467,7400,339,130,6195,280
2025-02-03 12:22:16.651694,585,1.73659e-06,4,5,211,4,2150,16006,1761,102,6618,402
2025-02-03 12:22:20.147210,600,1.74956e-06,4,5,37,5,325,14097,6130,4,6979,455
2025-02-03 12:22:23.746623,615,1.71884e-06,34,4,47,40,4,6604,15833,257,7434,431
2025-02-03 12:22:27.278045,630,1.67706e-06,83,75,92,118,23,1379,18694,1510,7732,678
2025-02-03 12:22:30.756481,645,1.73975e-06,102,173,134,40,167,217,14896,6211,7957,427
2025-02-03 12:22:34.235127,660,1.81382e-06,147,124,81,92,332,155,7193,17746,8619,446
2025-02-03 12:22:37.783460,675,1.74975e-06,258,155,83,162,480,183,2693,26134,9092,696
2025-02-03 12:22:41.257384,690,1.62835e-06,214,197,133,114,504,163,1057,23332,9237,701
2025-02-03 12:22:45.316114,705,1.53466e-06,81,210,210,66,336,239,470,12673,8463,562
2025-02-03 12:22:48.838830,720,1.52353e-06,96,157,178,83,275,440,270,3646,7758,716
2025-02-03 12:22:52.361219,735,1.44989e-06,144,168,140,45,307,189,40,833,7062,698
2025-02-03 12:22:55.889858,750,1.29155e-06,141,209,167,66,161,179,84,136,6540,638
2025-02-03 12:22:59.443352,765,1.11283e-06,142,222,136,159,4,300,160,76,6064,767
2025-02-03 12:23:02.902365,780,9.77479e-07,211,246,116,269,4,243,143,119,5430,822
2025-02-03 12:23:06.400804,795,8.61937e-07,54,160,120,97,5,4,72,159,4737,436
2025-02-03 12:23:09.954422,810,7.8318e-07,4,28,35,106,5,4,93,20,4079,602
2025-02-03 12:23:13.464548,825,7.07932e-07,4,54,31,140,5,4,157,59,3500,1020
2025-02-03 12:23:17.025789,840,6.72705e-07,4,69,35,5,4,6,39,5,3025,1780
2025-02-03 12:23:20.505299,855,6.35216e-07,5,18,4,4,4,4,4,4,2623,3003
2025-02-03 12:23:24.027087,870,6.31774e-07,4,5,4,5,4,4,4,4,2265,4774
2025-02-03 12:23:27.542869,885,6.25658e-07,4,5,4,3,4,4,4,4,1974,7270
2025-02-03 12:23:31.053356,900,6.23014e-07,4,4,4,5,4,4,4,4,1728,9220
2025-02-03 12:23:34.581542,915,5.94816e-07,4,5,4,4,4,4,5,4,1503,10503
2025-02-03 12:23:38.118926,930,5.39578e-07,4,5,4,4,4,4,4,4,1307,9879
2025-02-03 12:23:41.645792,945,5.07848e-07,4,5,4,4,3,6,4,5,1116,8508
2025-02-03 12:23:45.203211,960,5.01979e-07,4,4,4,4,3,4,3,4,904,6992
2025-02-03 12:23:48.724135,975,4.88496e-07,4,3,4,3,3,4,4,4,688,5483
2025-02-03 12:23:52.317820,990,4.84418e-07,4,4,4,4,4,4,5,4,476,4045
2025-02-03 12:23:55.816370,1005,4.66925e-07,4,5,4,4,3,4,4,4,278,2709
2025-02-03 12:23:59.360142,1020,4.67862e-07,4,4,4,4,3,4,5,4,125,1742
2025-02-03 12:24:02.837509,1035,4.42811e-07,4,4,4,4,3,4,5,4,5,1245
2025-02-03 12:24:06.342048,1050,4.56247e-07,4,4,4,3,3,4,5,3,4,728
2025-02-03 12:24:09.867652,1065,4.27419e-07,4,5,4,3,4,4,4,3,4,397
2025-02-03 12:24:13.369604,1080,4.0486e-07,4,4,4,3,4,4,3,3,4,165
2025-02-03 12:24:16.878637,1095,3.95212e-07,4,4,4,4,4,4,4,3,3,6
2025-02-03 12:24:22.474627,395,8.4853e-07,4,4,3,3,4,4,4,3,84,3
2025-02-03 12:24:26.552239,410,3.79671e-07,628,4,4,3,3,4,4,4,395,3
2025-02-03 12:24:30.082732,425,4.9075e-07,581,357,4,3,3,4,4,3,766,2
2025-02-03 12:24:33.595822,440,6.96008e-07,4,2229,4,3,3,4,4,3,1000,2
2025-02-03 12:24:37.139195,455,7.94954e-07,4,2623,1166,3,3,4,4,4,1608,3
2025-02-03 12:24:40.677103,470,1.00296e-06,4,235,4177,4,4,3,3,4,1979,3
2025-02-03 12:24:44.154174,485,1.05621e-06,4,4,4657,613,3,4,5,4,2656,4
2025-02-03 12:24:47.649002,500,1.19475e-06,4,4,1736,4553,4,4,4,4,3403,3
2025-02-03 12:24:51.202628,515,1.38171e-06,4,4,120,8744,557,4,4,4,3852,4
2025-02-03 12:24:54.681696,530,1.42877e-06,4,5,4,8199,4135,4,50,4,4726,5
2025-02-03 12:24:58.284173,545,1.52041e-06,4,5,4,2373,12632,431,52,4,5490,44
2025-02-03 12:25:01.793771,560,1.60723e-06,6,4,4,454,12312,2933,30,48,5917,105
2025-02-03 12:25:05.285134,575,1.68606e-06,14,5,82,32,5737,10808,634,153,6341,369
2025-02-03 12:25:08.796088,590,1.72071e-06,6,5,249,4,1477,16180,2756,19,6733,337
2025-02-03 12:25:12.294927,605,1.75739e-06,4,5,9,5,45,12032,8765,22,7147,568
2025-02-03 12:25:15.817239,620,1.69186e-06,55,8,73,59,4,4037,18149,496,7577,498
2025-02-03 12:25:19.439970,635,1.67463e-06,94,100,99,163,72,870,17655,2443,7661,608
2025-02-03 12:25:22.960867,650,1.78364e-06,120,193,149,55,213,120,12455,9309,8213,381
2025-02-03 12:25:26.461108,665,1.80036e-06,174,112,60,117,383,179,5210,22196,8782,503
2025-02-03 12:25:29.981973,680,1.70188e-06,274,168,95,156,551,168,1984,25951,9176,799
2025-02-03 12:25:33.510756,695,1.59044e-06,189,219,164,117,470,166,818,20670,9151,608
2025-02-03 12:25:37.553954,710,1.54055e-06,90,207,240,83,271,306,384,9137,8272,609
2025-02-03 12:25:41.026767,725,1.52195e-06,115,161,159,92,273,428,150,2432,7500,798
2025-02-03 12:25:44.535576,740,1.40263e-06,179,195,155,53,247,155,43,335,6896,654
2025-02-03 12:25:48.031774,755,1.22833e-06,109,196,153,90,44,233,111,96,6389,669
2025-02-03 12:25:51.525465,770,1.05572e-06,150,217,109,189,4,342,169,83,5875,817
2025-02-03 12:25:55.000809,785,9.45322e-07,177,249,114,205,4,27,75,146,5226,583
2025-02-03 12:25:58.513025,800,8.2685e-07,23,137,121,107,4,4,75,63,4507,441
2025-02-03 12:26:02.107801,815,7.42286e-07,4,29,29,133,4,4,123,35,3888,717
2025-02-03 12:26:05.583188,830,7.00823e-07,4,56,22,17,5,4,96,43,3328,1240
2025-02-03 12:26:09.088012,845,6.47743e-07,4,76,44,5,4,4,12,4,2892,2139
2025-02-03 12:26:12.597377,860,6.33012e-07,5,5,4,4,4,4,4,4,2499,3523
2025-02-03 12:26:16.057493,875,6.30974e-07,4,5,4,4,4,4,4,4,2169,5530
2025-02-03 12:26:19.543856,890,6.40924e-07,4,5,4,4,4,4,4,4,1882,8363
2025-02-03 12:26:23.041302,905,6.08652e-07,4,5,4,4,3,4,5,4,1658,10069
2025-02-03 12:26:26.486257,920,5.70008e-07,5,5,4,4,3,4,4,5,1442,10658
2025-02-03 12:26:29.968551,935,5.39797e-07,4,4,4,4,3,4,3,4,1239,9486
2025-02-03 12:26:33.502191,950,4.9929e-07,4,4,4,4,3,4,5,3,1052,8121
2025-02-03 12:26:36.940783,965,4.96431e-07,4,5,4,5,3,4,5,4,837,6479
2025-02-03 12:26:40.414427,980,4.77037e-07,4,5,4,4,3,3,4,3,611,4901
2025-02-03 12:26:43.969493,995,4.66655e-07,5,4,4,3,3,4,4,4,409,3521
2025-02-03 12:26:47.439431,1010,4.74644e-07,4,3,4,4,3,3,4,3,226,2469
2025-02-03 12:26:50.919503,1025,4.56192e-07,4,3,4,4,3,4,3,4,81,1505
2025-02-03 12:26:54.458284,1040,4.3976e-07,4,3,4,4,3,4,4,4,5,1082
2025-02-03 12:26:57.960558,1055,4.24161e-07,4,3,3,4,3,4,4,4,4,625
2025-02-03 12:27:01.466826,1070,4.27189e-07,4,4,4,4,3,4,4,3,4,286
2025-02-03 12:27:05.012966,1085,3.85974e-07,4,4,3,3,3,4,4,4,4,116
2025-02-03 12:27:10.646357,400,2.99472e-07,125,4,3,4,3,3,3,3,159,3
2025-02-03 12:27:14.176645,415,4.28253e-07,679,3,3,4,3,4,4,4,457,3
2025-02-03 12:27:17.710420,430,5.31364e-07,258,1027,4,3,3,3,4,4,915,3
2025-02-03 12:27:21.366664,445,7.69099e-07,4,2535,67,4,3,3,4,4,1117,3
2025-02-03 12:27:24.855231,460,8.39031e-07,3,1953,2216,4,4,5,5,4,1793,3
2025-02-03 12:27:28.364941,475,1.05005e-06,4,5,4489,5,3,4,5,3,2094,4
2025-02-03 12:27:31.940068,490,1.04616e-06,4,4,4146,1430,4,3,5,4,2988,4
2025-02-03 12:27:35.418426,505,1.2758e-06,5,3,836,6467,4,4,4,4,3542,4
2025-02-03 12:27:38.928548,520,1.42423e-06,4,3,4,9004,1226,4,5,5,4103,4
2025-02-03 12:27:42.484595,535,1.4255e-06,4,4,4,6708,6619,4,61,4,5059,4
2025-02-03 12:27:46.052261,550,1.54929e-06,4,5,4,1497,13515,901,4,4,5636,91
2025-02-03 12:27:49.585400,565,1.64315e-06,10,4,5,197,10796,4781,148,93,6054,177
2025-02-03 12:27:53.086766,580,1.69585e-06,6,4,140,22,3542,14363,1091,141,6495,475
2025-02-03 12:27:56.625960,595,1.74855e-06,6,5,216,5,852,15452,4181,5,6870,389
2025-02-03 12:28:00.150593,610,1.72733e-06,6,5,24,5,4,9245,12168,105,7291,411
2025-02-03 12:28:03.685682,625,1.69734e-06,72,42,86,85,4,2584,18917,891,7688,597
2025-02-03 12:28:07.210315,640,1.673e-06,96,135,125,99,119,360,16382,3940,7723,508
2025-02-03 12:28:10.736934,655,1.81615e-06,120,145,112,71,275,121,9785,13259,8445,408
2025-02-03 12:28:14.355782,670,1.7716e-06,217,133,72,141,414,221,3544,24787,8974,590
2025-02-03 12:28:17.862216,685,1.65812e-06,268,188,113,150,524,153,1525,25025,9236,852
2025-02-03 12:28:21.896758,700,1.55326e-06,116,217,181,84,360,168,600,16670,8659,559
2025-02-03 12:28:25.375173,715,1.5357e-06,96,193,240,85,257,374,288,5801,8034,660
2025-02-03 12:28:28.917956,730,1.47507e-06,127,170,152,75,282,315,87,1368,7273,761
2025-02-03 12:28:32.423762,745,1.34293e-06,197,225,176,63,198,147,64,228,6733,627
2025-02-03 12:28:35.989589,760,1.16049e-06,125,209,149,126,4,282,143,91,6260,722
2025-02-03 12:28:39.646134,775,1.00744e-06,177,224,106,227,5,377,183,102,5674,877
2025-02-03 12:28:43.155209,790,8.99991e-07,85,193,112,106,5,4,65,180,5002,468
2025-02-03 12:28:46.656169,805,8.11204e-07,6,74,72,102,5,4,76,27,4300,507
2025-02-03 12:28:50.166498,820,7.32196e-07,5,44,31,162,5,5,156,51,3693,854
2025-02-03 12:28:53.688461,835,6.83637e-07,4,60,29,5,4,5,58,15,3180,1488
2025-02-03 12:28:57.188323,850,6.42581e-07,4,69,17,5,4,6,5,5,2765,2547
2025-02-03 12:29:00.676859,865,6.47456e-07,4,5,5,4,4,4,5,4,2379,4121
2025-02-03 12:29:04.207633,880,6.29455e-07,4,4,4,4,4,4,5,4,2068,6364
2025-02-03 12:29:07.707579,895,6.26935e-07,4,4,4,4,4,4,5,4,1803,8878
2025-02-03 12:29:11.229411,910,5.91139e-07,4,5,4,5,3,4,5,4,1578,10597
2025-02-03 12:29:14.753906,925,5.54738e-07,5,4,4,4,4,5,4,4,1375,10450
2025-02-03 12:29:18.280266,940,5.34461e-07,4,4,4,4,3,6,3,4,1181,9080
2025-02-03 12:29:21.798614,955,4.97836e-07,5,4,4,4,3,4,4,4,983,7652
2025-02-03 12:29:25.321749,970,4.75607e-07,4,4,4,4,3,4,4,4,758,6059
2025-02-03 12:29:28.854376,985,4.86113e-07,4,5,4,4,4,4,4,4,545,4454
2025-02-03 12:29:32.383011,1000,4.82902e-07,4,4,4,4,4,4,5,4,341,3035
2025-02-03 12:29:35.936430,1015,4.74244e-07,4,4,4,4,3,4,4,4,176,2122
2025-02-03 12:29:39.457575,1030,4.63236e-07,4,3,4,3,3,4,3,4,41,1370
2025-02-03 12:29:42.993041,1045,4.37263e-07,4,4,4,3,3,4,5,4,5,885
2025-02-03 12:29:46.527770,1060,4.34749e-07,4,4,3,3,3,4,5,3,4,524
2025-02-03 12:29:50.031548,1075,4.43169e-07,4,4,4,4,3,4,4,4,4,219
2025-02-03 12:29:53.538850,1090,4.388e-07,4,3,4,4,4,4,3,3,3,61
