wavelength,power_1,CI_Low_1,CI_High_1,power_2,CI_Low_2,CI_High_2,power,CI_Low,CI_High,power_4,CI_Low_4,CI_High_4,power_4b,CI_Low_4b,CI_High_4b,power_5b,CI_Low_5b,CI_High_5b,trans,refl,trans_adj,refl_adj,trans_adj_bs,refl_adj_bs
390,2.77E-07,2.20E-07,3.34E-07,1.16E-07,6.62E-08,1.66E-07,1.50E-07,1.30E-07,1.70E-07,2.79E-09,1.58E-09,4.00E-09,3.24E-09,1.71E-09,4.77E-09,4.67E-09,2.67E-09,6.67E-09,41.85094104,54.16436465,41.25903658,53.69779963,41.09633091,53.01315951
391,2.46E-07,2.46E-07,2.47E-07,1.03E-07,1.03E-07,1.04E-07,1.45E-07,1.45E-07,1.45E-07,2.49E-09,2.32E-09,2.65E-09,2.62E-09,2.52E-09,2.72E-09,3.86E-09,3.39E-09,4.34E-09,41.8790883,58.76179261,41.28666722,58.34145537,41.23149404,57.77715837
392,2.53E-07,2.53E-07,2.54E-07,1.06E-07,1.06E-07,1.07E-07,1.48E-07,1.48E-07,1.49E-07,2.34E-09,2.13E-09,2.56E-09,2.79E-09,2.46E-09,3.12E-09,4.13E-09,3.84E-09,4.42E-09,42.0109356,58.54618043,41.46973954,58.15930328,41.29204993,57.44854982
393,2.60E-07,2.60E-07,2.61E-07,1.10E-07,1.10E-07,1.10E-07,1.52E-07,1.51E-07,1.52E-07,2.54E-09,2.44E-09,2.63E-09,2.71E-09,2.43E-09,3.00E-09,4.06E-09,3.86E-09,4.27E-09,42.30587781,58.16991249,41.73840149,57.75847398,41.66973853,57.16654354
394,2.68E-07,2.67E-07,2.68E-07,1.14E-07,1.14E-07,1.15E-07,1.54E-07,1.54E-07,1.54E-07,2.48E-09,2.21E-09,2.75E-09,2.66E-09,2.47E-09,2.86E-09,4.08E-09,3.65E-09,4.52E-09,42.74300211,57.56015274,42.20763809,57.16333195,42.13861606,56.5582562
395,2.75E-07,2.75E-07,2.76E-07,1.19E-07,1.19E-07,1.20E-07,1.56E-07,1.56E-07,1.56E-07,2.45E-09,2.27E-09,2.62E-09,2.66E-09,2.49E-09,2.83E-09,4.15E-09,3.81E-09,4.48E-09,43.37912947,56.78108733,42.87107754,56.39328948,42.79283791,55.76963633
396,2.87E-07,2.86E-07,2.87E-07,1.27E-07,1.27E-07,1.27E-07,1.60E-07,1.60E-07,1.60E-07,2.51E-09,2.29E-09,2.73E-09,2.92E-09,2.83E-09,3.01E-09,4.23E-09,3.94E-09,4.52E-09,44.25885756,55.79698403,43.76680077,55.40678044,43.62344389,54.80294897
397,2.95E-07,2.94E-07,2.95E-07,1.33E-07,1.33E-07,1.34E-07,1.61E-07,1.61E-07,1.61E-07,2.48E-09,2.32E-09,2.64E-09,2.72E-09,2.43E-09,3.02E-09,4.04E-09,3.53E-09,4.55E-09,45.27007809,54.64510061,44.80629814,54.26076436,44.72185755,53.72667961
398,3.03E-07,3.03E-07,3.04E-07,1.41E-07,1.40E-07,1.41E-07,1.62E-07,1.62E-07,1.62E-07,2.52E-09,2.39E-09,2.66E-09,2.80E-09,2.66E-09,2.94E-09,4.04E-09,3.63E-09,4.44E-09,46.47515771,53.37858574,46.02557161,52.98698553,45.93324895,52.48434621
399,3.11E-07,3.11E-07,3.12E-07,1.48E-07,1.48E-07,1.49E-07,1.62E-07,1.62E-07,1.62E-07,2.56E-09,2.43E-09,2.69E-09,2.82E-09,2.52E-09,3.13E-09,4.16E-09,3.98E-09,4.33E-09,47.6161599,52.12695822,47.18184045,51.73003823,47.09602044,51.21311541
400,4.46E-07,4.45E-07,4.47E-07,2.17E-07,2.17E-07,2.17E-07,2.27E-07,2.27E-07,2.27E-07,3.96E-09,3.60E-09,4.32E-09,4.09E-09,3.82E-09,4.36E-09,6.34E-09,5.52E-09,7.16E-09,48.73284523,50.88282928,48.27331387,50.44256923,48.24407092,49.90487376
401,4.57E-07,4.56E-07,4.58E-07,2.27E-07,2.27E-07,2.28E-07,2.28E-07,2.27E-07,2.28E-07,3.78E-09,3.63E-09,3.93E-09,4.29E-09,4.05E-09,4.54E-09,6.42E-09,5.80E-09,7.04E-09,49.73660664,49.80528678,49.31739782,49.38665077,49.2039893,48.80434277
402,4.68E-07,4.67E-07,4.69E-07,2.37E-07,2.37E-07,2.37E-07,2.30E-07,2.29E-07,2.30E-07,3.73E-09,3.58E-09,3.88E-09,4.57E-09,4.31E-09,4.82E-09,6.41E-09,5.77E-09,7.06E-09,50.61539151,49.02520609,50.21897883,48.6160289,50.0391457,48.03845797
403,4.80E-07,4.79E-07,4.81E-07,2.45E-07,2.45E-07,2.46E-07,2.33E-07,2.33E-07,2.33E-07,4.04E-09,3.71E-09,4.37E-09,4.30E-09,3.99E-09,4.60E-09,6.61E-09,6.29E-09,6.93E-09,51.07064739,48.58169933,50.65518163,48.14509958,50.60178184,47.60492493
404,4.92E-07,4.91E-07,4.93E-07,2.52E-07,2.52E-07,2.52E-07,2.39E-07,2.39E-07,2.39E-07,3.96E-09,3.51E-09,4.41E-09,4.36E-09,3.84E-09,4.88E-09,6.44E-09,6.08E-09,6.79E-09,51.26632596,48.51667238,50.87071512,48.09874037,50.78902506,47.59065056
405,5.03E-07,5.02E-07,5.05E-07,2.57E-07,2.57E-07,2.57E-07,2.46E-07,2.46E-07,2.46E-07,3.91E-09,3.45E-09,4.37E-09,4.44E-09,3.97E-09,4.91E-09,6.45E-09,6.12E-09,6.79E-09,51.06931967,48.83198612,50.6862468,48.43139741,50.57977715,47.92227043
406,5.15E-07,5.13E-07,5.17E-07,2.60E-07,2.60E-07,2.61E-07,2.55E-07,2.55E-07,2.55E-07,3.91E-09,3.82E-09,4.00E-09,4.47E-09,4.26E-09,4.69E-09,6.73E-09,6.60E-09,6.87E-09,50.48878789,49.49426016,50.11045551,49.10832825,49.99952456,48.55555766
407,5.28E-07,5.27E-07,5.29E-07,2.62E-07,2.62E-07,2.63E-07,2.66E-07,2.66E-07,2.66E-07,4.04E-09,3.86E-09,4.21E-09,4.21E-09,3.79E-09,4.64E-09,6.38E-09,5.80E-09,6.97E-09,49.66384847,50.38490593,49.275639,50.0022575,49.24277641,49.55494593
408,5.40E-07,5.39E-07,5.42E-07,2.63E-07,2.63E-07,2.64E-07,2.78E-07,2.78E-07,2.78E-07,3.83E-09,3.31E-09,4.34E-09,4.27E-09,3.65E-09,4.88E-09,6.49E-09,5.91E-09,7.07E-09,48.71680378,51.44560223,48.35084453,51.09911581,48.26927037,50.6025901
409,5.53E-07,5.52E-07,5.54E-07,2.63E-07,2.63E-07,2.63E-07,2.91E-07,2.91E-07,2.91E-07,3.77E-09,3.55E-09,3.99E-09,4.28E-09,3.95E-09,4.62E-09,6.15E-09,5.70E-09,6.59E-09,47.60625492,52.61527235,47.24657267,52.28997693,47.15352688,51.85748594
410,5.66E-07,5.65E-07,5.68E-07,2.63E-07,2.63E-07,2.63E-07,3.04E-07,3.04E-07,3.04E-07,3.68E-09,3.25E-09,4.12E-09,4.41E-09,4.16E-09,4.66E-09,6.20E-09,5.84E-09,6.56E-09,46.46208509,53.74231693,46.11140807,53.43932593,45.9825517,52.99251942
411,5.79E-07,5.78E-07,5.81E-07,2.63E-07,2.63E-07,2.64E-07,3.17E-07,3.17E-07,3.17E-07,3.91E-09,3.66E-09,4.16E-09,4.12E-09,3.73E-09,4.50E-09,6.11E-09,5.71E-09,6.51E-09,45.45395113,54.75969095,45.08330272,54.45227641,45.04748721,54.0697158
412,5.93E-07,5.92E-07,5.94E-07,2.64E-07,2.64E-07,2.65E-07,3.30E-07,3.30E-07,3.30E-07,3.60E-09,3.00E-09,4.20E-09,4.12E-09,3.44E-09,4.81E-09,6.42E-09,6.15E-09,6.68E-09,44.61430533,55.62884783,44.27568873,55.35757186,44.18708771,54.87975276
413,6.07E-07,6.05E-07,6.08E-07,2.67E-07,2.66E-07,2.67E-07,3.41E-07,3.41E-07,3.41E-07,3.69E-09,3.28E-09,4.09E-09,3.80E-09,3.66E-09,3.93E-09,6.24E-09,5.91E-09,6.56E-09,43.93718809,56.20166558,43.59444689,55.93390352,43.57598804,55.51086524
414,6.21E-07,6.19E-07,6.22E-07,2.70E-07,2.70E-07,2.70E-07,3.51E-07,3.51E-07,3.51E-07,3.79E-09,3.52E-09,4.06E-09,3.90E-09,3.66E-09,4.14E-09,6.03E-09,5.46E-09,6.61E-09,43.50868133,56.54282416,43.1616376,56.27585322,43.14367503,55.91211868
415,6.35E-07,6.33E-07,6.36E-07,2.75E-07,2.75E-07,2.76E-07,3.59E-07,3.59E-07,3.59E-07,3.52E-09,3.19E-09,3.86E-09,4.00E-09,3.59E-09,4.41E-09,6.08E-09,5.70E-09,6.45E-09,43.39253951,56.58367384,43.07650022,56.34128062,43.00077918,55.93647751
416,6.49E-07,6.48E-07,6.51E-07,2.83E-07,2.82E-07,2.83E-07,3.66E-07,3.65E-07,3.66E-07,3.64E-09,3.08E-09,4.20E-09,4.19E-09,3.76E-09,4.62E-09,6.02E-09,5.60E-09,6.45E-09,43.50910696,56.31638247,43.1910205,56.07041066,43.10459285,55.70061635
417,6.64E-07,6.62E-07,6.65E-07,2.92E-07,2.91E-07,2.92E-07,3.70E-07,3.70E-07,3.71E-07,3.75E-09,3.49E-09,4.01E-09,4.06E-09,3.81E-09,4.30E-09,6.12E-09,5.52E-09,6.71E-09,43.91496343,55.78646232,43.59656121,55.53545619,43.54964408,55.17668158
418,6.79E-07,6.77E-07,6.80E-07,3.03E-07,3.02E-07,3.03E-07,3.73E-07,3.73E-07,3.73E-07,3.74E-09,3.27E-09,4.21E-09,3.97E-09,3.23E-09,4.71E-09,6.01E-09,5.72E-09,6.30E-09,44.61500105,54.95176585,44.30817315,54.70220269,44.27459149,54.36638172
419,6.94E-07,6.92E-07,6.95E-07,3.16E-07,3.16E-07,3.16E-07,3.74E-07,3.74E-07,3.74E-07,3.80E-09,3.68E-09,3.91E-09,3.93E-09,3.43E-09,4.44E-09,5.91E-09,5.27E-09,6.55E-09,45.58277453,53.87816293,45.28338978,53.62441653,45.26376198,53.31820079
420,7.09E-07,7.07E-07,7.11E-07,3.31E-07,3.30E-07,3.31E-07,3.73E-07,3.73E-07,3.74E-07,3.75E-09,3.52E-09,3.99E-09,4.11E-09,3.49E-09,4.74E-09,6.07E-09,5.68E-09,6.46E-09,46.64806105,52.6908622,46.36410412,52.43906709,46.31310093,52.11009817
421,7.25E-07,7.22E-07,7.27E-07,3.47E-07,3.46E-07,3.47E-07,3.72E-07,3.72E-07,3.72E-07,3.52E-09,3.10E-09,3.95E-09,4.15E-09,3.88E-09,4.42E-09,6.06E-09,5.91E-09,6.21E-09,47.85855852,51.37774361,47.60380787,51.14018686,47.51687772,50.78873544
422,7.41E-07,7.39E-07,7.43E-07,3.63E-07,3.63E-07,3.64E-07,3.71E-07,3.70E-07,3.71E-07,3.71E-09,3.50E-09,3.93E-09,4.02E-09,3.43E-09,4.61E-09,6.01E-09,5.49E-09,6.52E-09,49.05150433,50.02700345,48.79477891,49.7751935,48.75363716,49.46420639
423,7.57E-07,7.55E-07,7.59E-07,3.80E-07,3.79E-07,3.80E-07,3.70E-07,3.69E-07,3.70E-07,3.54E-09,3.23E-09,3.85E-09,4.01E-09,3.44E-09,4.58E-09,5.95E-09,5.54E-09,6.36E-09,50.17486711,48.84483311,49.94074129,48.60445753,49.87823419,48.28484067
424,7.73E-07,7.71E-07,7.75E-07,3.95E-07,3.94E-07,3.96E-07,3.70E-07,3.70E-07,3.70E-07,3.48E-09,3.07E-09,3.89E-09,4.01E-09,3.73E-09,4.29E-09,5.90E-09,5.10E-09,6.69E-09,51.1293523,47.86290055,50.90835235,47.62712926,50.83938319,47.31332706
425,7.90E-07,7.88E-07,7.92E-07,4.09E-07,4.09E-07,4.10E-07,3.73E-07,3.72E-07,3.73E-07,3.58E-09,3.53E-09,3.64E-09,4.06E-09,3.55E-09,4.56E-09,6.05E-09,5.72E-09,6.38E-09,51.81936373,47.15473844,51.59993602,46.91406676,51.53942492,46.60030073
426,8.07E-07,8.05E-07,8.09E-07,4.21E-07,4.21E-07,4.22E-07,3.78E-07,3.78E-07,3.78E-07,3.45E-09,3.09E-09,3.82E-09,3.81E-09,3.35E-09,4.26E-09,5.87E-09,5.14E-09,6.59E-09,52.16558609,46.85775819,51.96000915,46.62936991,51.91631393,46.32895926
427,8.24E-07,8.22E-07,8.27E-07,4.30E-07,4.29E-07,4.30E-07,3.87E-07,3.87E-07,3.87E-07,3.47E-09,3.11E-09,3.82E-09,3.77E-09,3.14E-09,4.40E-09,5.80E-09,5.04E-09,6.57E-09,52.10771838,46.92383626,51.90542367,46.69964508,51.86813061,46.41514697
428,8.43E-07,8.41E-07,8.45E-07,4.36E-07,4.35E-07,4.37E-07,3.99E-07,3.99E-07,3.99E-07,3.46E-09,3.13E-09,3.80E-09,3.99E-09,3.76E-09,4.21E-09,5.91E-09,5.33E-09,6.49E-09,51.74356123,47.38554532,51.54435238,47.16834602,51.48202902,46.87646121
429,8.60E-07,8.58E-07,8.62E-07,4.39E-07,4.39E-07,4.39E-07,4.14E-07,4.14E-07,4.15E-07,3.47E-09,3.06E-09,3.87E-09,3.71E-09,3.29E-09,4.13E-09,5.96E-09,5.67E-09,6.25E-09,51.04959284,48.15692875,50.85141755,47.94704255,50.82303663,47.65613731
430,8.79E-07,8.77E-07,8.80E-07,4.40E-07,4.39E-07,4.41E-07,4.32E-07,4.32E-07,4.33E-07,3.59E-09,3.48E-09,3.71E-09,3.99E-09,3.89E-09,4.09E-09,5.69E-09,5.33E-09,6.05E-09,50.08270072,49.20363616,49.87762784,48.99495187,49.83213552,48.75562615
431,8.97E-07,8.95E-07,8.99E-07,4.39E-07,4.38E-07,4.39E-07,4.52E-07,4.52E-07,4.52E-07,3.43E-09,3.15E-09,3.70E-09,3.96E-09,3.63E-09,4.29E-09,5.53E-09,4.86E-09,6.20E-09,48.91327557,50.43409325,48.71732265,50.24397372,48.65748332,50.00847508
432,9.15E-07,9.13E-07,9.18E-07,4.37E-07,4.36E-07,4.37E-07,4.74E-07,4.73E-07,4.74E-07,3.45E-09,3.07E-09,3.83E-09,3.92E-09,3.42E-09,4.42E-09,5.66E-09,5.03E-09,6.29E-09,47.69310698,51.73557126,47.49526372,51.55301804,47.44343907,51.31085856
433,9.34E-07,9.32E-07,9.36E-07,4.34E-07,4.33E-07,4.34E-07,4.95E-07,4.95E-07,4.96E-07,3.51E-09,3.35E-09,3.67E-09,3.96E-09,3.53E-09,4.39E-09,5.41E-09,4.84E-09,5.97E-09,46.43410345,53.05238641,46.23223488,52.87545952,46.1834479,52.67111149
434,9.53E-07,9.50E-07,9.55E-07,4.31E-07,4.30E-07,4.31E-07,5.17E-07,5.17E-07,5.18E-07,3.37E-09,2.92E-09,3.82E-09,3.93E-09,3.57E-09,4.29E-09,5.65E-09,5.36E-09,5.95E-09,45.2165565,54.31237811,45.0222618,54.15034261,44.96291419,53.9093552
435,9.71E-07,9.68E-07,9.74E-07,4.28E-07,4.28E-07,4.29E-07,5.39E-07,5.38E-07,5.39E-07,3.27E-09,3.00E-09,3.54E-09,3.81E-09,3.49E-09,4.13E-09,5.75E-09,5.18E-09,6.33E-09,44.1100367,55.45347521,43.92120132,55.3029659,43.86495093,55.04632277
436,9.90E-07,9.87E-07,9.94E-07,4.27E-07,4.26E-07,4.27E-07,5.59E-07,5.59E-07,5.59E-07,3.31E-09,2.78E-09,3.84E-09,3.66E-09,3.21E-09,4.10E-09,5.70E-09,5.13E-09,6.27E-09,43.11467469,56.48178007,42.92385584,56.33580048,42.8886281,56.09350633
437,1.01E-06,1.01E-06,1.01E-06,4.27E-07,4.26E-07,4.27E-07,5.78E-07,5.78E-07,5.79E-07,3.47E-09,3.10E-09,3.84E-09,3.83E-09,3.50E-09,4.17E-09,5.78E-09,5.44E-09,6.11E-09,42.26163646,57.28806709,42.06252232,57.14077247,42.02639137,56.91138223
438,1.03E-06,1.03E-06,1.03E-06,4.28E-07,4.27E-07,4.28E-07,5.96E-07,5.96E-07,5.96E-07,3.42E-09,3.30E-09,3.53E-09,3.86E-09,3.80E-09,3.93E-09,5.68E-09,5.51E-09,5.86E-09,41.57105496,57.91929722,41.37644632,57.77913949,41.33290366,57.55814307
439,1.05E-06,1.05E-06,1.05E-06,4.31E-07,4.30E-07,4.31E-07,6.12E-07,6.12E-07,6.12E-07,3.34E-09,2.91E-09,3.77E-09,3.85E-09,3.69E-09,4.01E-09,5.68E-09,5.48E-09,5.89E-09,41.08739531,58.37190665,40.89922772,58.23894601,40.85020275,58.01471518
440,1.07E-06,1.07E-06,1.07E-06,4.36E-07,4.35E-07,4.36E-07,6.26E-07,6.26E-07,6.27E-07,3.40E-09,3.11E-09,3.70E-09,3.75E-09,3.24E-09,4.25E-09,5.35E-09,4.62E-09,6.09E-09,40.78337828,58.62791696,40.59417296,58.49572742,40.56193964,58.31254814
441,1.09E-06,1.09E-06,1.09E-06,4.43E-07,4.42E-07,4.43E-07,6.39E-07,6.38E-07,6.39E-07,3.33E-09,3.03E-09,3.64E-09,3.79E-09,3.48E-09,4.11E-09,5.54E-09,4.98E-09,6.10E-09,40.66126558,58.65995205,40.47894541,58.53293343,40.43663637,58.32984964
442,1.11E-06,1.11E-06,1.11E-06,4.52E-07,4.51E-07,4.52E-07,6.49E-07,6.48E-07,6.49E-07,3.43E-09,3.07E-09,3.80E-09,3.71E-09,3.49E-09,3.92E-09,5.56E-09,5.02E-09,6.11E-09,40.74409701,58.50165049,40.56004173,58.37275211,40.53518777,58.17994667
443,1.13E-06,1.13E-06,1.13E-06,4.64E-07,4.63E-07,4.64E-07,6.56E-07,6.56E-07,6.57E-07,3.24E-09,2.85E-09,3.63E-09,3.54E-09,3.36E-09,3.72E-09,5.71E-09,5.50E-09,5.91E-09,41.04127563,58.11995786,40.87162458,57.99944993,40.84509225,57.78055374
444,1.15E-06,1.15E-06,1.15E-06,4.77E-07,4.77E-07,4.78E-07,6.62E-07,6.62E-07,6.62E-07,3.45E-09,3.19E-09,3.70E-09,3.79E-09,3.53E-09,4.04E-09,5.14E-09,4.72E-09,5.57E-09,41.5038604,57.56973934,41.32804271,57.44220972,41.29844915,57.29424341
445,1.17E-06,1.17E-06,1.17E-06,4.93E-07,4.92E-07,4.94E-07,6.66E-07,6.65E-07,6.66E-07,3.38E-09,3.10E-09,3.66E-09,3.79E-09,3.72E-09,3.86E-09,5.19E-09,4.58E-09,5.79E-09,42.14536656,56.86212561,41.97788922,56.73725028,41.942536,56.58240438
446,1.19E-06,1.19E-06,1.19E-06,5.11E-07,5.11E-07,5.12E-07,6.67E-07,6.67E-07,6.67E-07,3.36E-09,2.95E-09,3.77E-09,3.84E-09,3.51E-09,4.17E-09,5.72E-09,5.52E-09,5.93E-09,42.9015355,55.96503756,42.74006205,55.84050747,42.69990111,55.64178047
447,1.21E-06,1.21E-06,1.22E-06,5.31E-07,5.30E-07,5.31E-07,6.67E-07,6.67E-07,6.68E-07,3.47E-09,3.27E-09,3.66E-09,3.49E-09,3.21E-09,3.78E-09,5.53E-09,5.25E-09,5.81E-09,43.76946276,55.0238866,43.60822425,54.89491963,43.60618789,54.72453556
448,1.23E-06,1.23E-06,1.24E-06,5.52E-07,5.52E-07,5.53E-07,6.67E-07,6.66E-07,6.67E-07,3.40E-09,3.22E-09,3.58E-09,3.72E-09,3.37E-09,4.07E-09,5.51E-09,5.30E-09,5.73E-09,44.72734049,54.00434354,44.57461111,53.87724836,44.54866961,53.70563647
449,1.26E-06,1.25E-06,1.26E-06,5.74E-07,5.73E-07,5.74E-07,6.65E-07,6.65E-07,6.65E-07,3.36E-09,2.99E-09,3.73E-09,3.52E-09,3.03E-09,4.01E-09,5.29E-09,4.69E-09,5.88E-09,45.70071287,52.97916975,45.55499503,52.85298441,45.54194894,52.69904519
450,1.28E-06,1.27E-06,1.28E-06,5.95E-07,5.94E-07,5.96E-07,6.64E-07,6.64E-07,6.64E-07,3.40E-09,3.05E-09,3.75E-09,3.75E-09,3.36E-09,4.14E-09,5.56E-09,5.38E-09,5.73E-09,46.59980706,52.01467908,46.45720481,51.88653694,46.42969554,51.71700158
451,1.30E-06,1.29E-06,1.30E-06,6.16E-07,6.14E-07,6.17E-07,6.64E-07,6.63E-07,6.64E-07,3.29E-09,3.02E-09,3.57E-09,3.41E-09,2.89E-09,3.93E-09,5.08E-09,4.75E-09,5.42E-09,47.46293099,51.15353196,47.32925052,51.02924222,47.32046402,50.891165
452,1.32E-06,1.32E-06,1.32E-06,6.35E-07,6.34E-07,6.36E-07,6.66E-07,6.65E-07,6.66E-07,3.38E-09,3.26E-09,3.50E-09,3.61E-09,3.30E-09,3.92E-09,5.37E-09,4.82E-09,5.91E-09,48.13731748,50.42258963,48.0040719,50.29521537,47.98683777,50.14441821
453,1.34E-06,1.34E-06,1.35E-06,6.53E-07,6.52E-07,6.54E-07,6.70E-07,6.69E-07,6.70E-07,3.30E-09,3.07E-09,3.54E-09,3.54E-09,3.24E-09,3.84E-09,5.31E-09,4.77E-09,5.84E-09,48.67745382,49.90071332,48.55087138,49.77714793,48.5333588,49.62738159
454,1.36E-06,1.36E-06,1.37E-06,6.69E-07,6.68E-07,6.70E-07,6.76E-07,6.76E-07,6.76E-07,3.37E-09,3.18E-09,3.57E-09,3.41E-09,3.08E-09,3.75E-09,5.22E-09,4.69E-09,5.75E-09,49.04877398,49.55859778,48.92245769,49.43354542,48.91949484,49.29786006
455,1.39E-06,1.38E-06,1.39E-06,6.82E-07,6.81E-07,6.83E-07,6.85E-07,6.85E-07,6.86E-07,3.33E-09,3.17E-09,3.48E-09,3.51E-09,3.13E-09,3.89E-09,5.31E-09,4.97E-09,5.65E-09,49.18952547,49.42752865,49.06736526,49.30594067,49.05398973,49.16229672
456,1.41E-06,1.41E-06,1.41E-06,6.93E-07,6.92E-07,6.94E-07,6.98E-07,6.98E-07,6.99E-07,3.33E-09,3.15E-09,3.50E-09,3.46E-09,2.99E-09,3.93E-09,5.21E-09,4.80E-09,5.62E-09,49.14688828,49.54983426,49.02659566,49.43049481,49.01689198,49.29635688
457,1.43E-06,1.43E-06,1.44E-06,7.00E-07,7.00E-07,7.01E-07,7.13E-07,7.13E-07,7.14E-07,3.30E-09,3.16E-09,3.45E-09,3.41E-09,3.16E-09,3.66E-09,5.30E-09,4.94E-09,5.65E-09,48.92265297,49.82016595,48.8045718,49.70415967,48.79728438,49.56458147
458,1.45E-06,1.45E-06,1.46E-06,7.06E-07,7.06E-07,7.07E-07,7.31E-07,7.30E-07,7.31E-07,3.28E-09,2.83E-09,3.73E-09,3.56E-09,3.11E-09,4.00E-09,5.21E-09,4.48E-09,5.94E-09,48.56119374,50.232337,48.4449858,50.11990442,48.42571956,49.98669373
459,1.48E-06,1.47E-06,1.48E-06,7.11E-07,7.10E-07,7.11E-07,7.50E-07,7.49E-07,7.50E-07,3.19E-09,2.85E-09,3.53E-09,3.47E-09,2.99E-09,3.95E-09,5.41E-09,5.34E-09,5.47E-09,48.1139569,50.76667056,48.00159268,50.66005104,47.98266256,50.50969711
460,1.50E-06,1.50E-06,1.50E-06,7.13E-07,7.13E-07,7.14E-07,7.70E-07,7.70E-07,7.71E-07,3.16E-09,2.84E-09,3.48E-09,3.50E-09,3.07E-09,3.94E-09,5.31E-09,4.82E-09,5.80E-09,47.5705902,51.37233893,47.4598698,51.26964706,47.43702072,51.12617399
461,1.52E-06,1.52E-06,1.53E-06,7.15E-07,7.14E-07,7.16E-07,7.92E-07,7.92E-07,7.92E-07,3.05E-09,2.68E-09,3.42E-09,3.40E-09,3.30E-09,3.49E-09,5.26E-09,4.99E-09,5.54E-09,46.95607845,52.02120335,46.84961983,51.92491039,46.8266475,51.77924754
462,1.55E-06,1.54E-06,1.55E-06,7.16E-07,7.16E-07,7.17E-07,8.15E-07,8.14E-07,8.15E-07,3.21E-09,3.00E-09,3.42E-09,3.49E-09,2.88E-09,4.09E-09,5.20E-09,4.88E-09,5.53E-09,46.34390527,52.68749789,46.23227714,52.58906721,46.21431583,52.45975012
463,1.57E-06,1.57E-06,1.57E-06,7.17E-07,7.17E-07,7.18E-07,8.37E-07,8.36E-07,8.37E-07,3.19E-09,2.79E-09,3.59E-09,3.55E-09,3.13E-09,3.97E-09,5.22E-09,4.91E-09,5.53E-09,45.72421832,53.3371367,45.61373763,53.24215243,45.59052719,53.11247606
464,1.59E-06,1.59E-06,1.60E-06,7.19E-07,7.18E-07,7.19E-07,8.59E-07,8.59E-07,8.60E-07,3.06E-09,2.86E-09,3.26E-09,3.63E-09,3.31E-09,3.95E-09,5.38E-09,5.16E-09,5.59E-09,45.14702106,53.96924459,45.04131863,53.8805427,45.00559786,53.7346834
465,1.61E-06,1.61E-06,1.62E-06,7.20E-07,7.18E-07,7.21E-07,8.81E-07,8.80E-07,8.81E-07,3.19E-09,2.88E-09,3.50E-09,3.62E-09,3.17E-09,4.07E-09,5.27E-09,5.16E-09,5.38E-09,44.56627276,54.54016389,44.45657976,54.45020736,44.42973508,54.32086266
466,1.64E-06,1.63E-06,1.64E-06,7.22E-07,7.21E-07,7.23E-07,9.02E-07,9.02E-07,9.03E-07,3.15E-09,3.08E-09,3.22E-09,3.48E-09,3.21E-09,3.75E-09,5.33E-09,5.09E-09,5.57E-09,44.07543443,55.07598313,43.96764841,54.98939898,43.94748253,54.8559207
467,1.66E-06,1.66E-06,1.67E-06,7.25E-07,7.24E-07,7.26E-07,9.22E-07,9.22E-07,9.23E-07,2.96E-09,2.92E-09,3.00E-09,3.58E-09,3.18E-09,3.97E-09,5.24E-09,4.85E-09,5.64E-09,43.62777281,55.5223762,43.52728073,55.44308807,43.48996588,55.30516661
468,1.68E-06,1.68E-06,1.69E-06,7.29E-07,7.28E-07,7.30E-07,9.42E-07,9.41E-07,9.42E-07,3.12E-09,2.77E-09,3.47E-09,3.53E-09,3.13E-09,3.93E-09,5.28E-09,4.76E-09,5.80E-09,43.26212497,55.89686993,43.15677233,55.81497787,43.13259845,55.68666964
469,1.71E-06,1.70E-06,1.71E-06,7.33E-07,7.32E-07,7.34E-07,9.60E-07,9.59E-07,9.60E-07,3.05E-09,2.71E-09,3.39E-09,3.56E-09,3.48E-09,3.65E-09,5.19E-09,4.60E-09,5.78E-09,42.97070685,56.2371408,42.86846212,56.15868073,42.83868946,56.03317772
470,1.73E-06,1.72E-06,1.73E-06,7.39E-07,7.37E-07,7.40E-07,9.76E-07,9.75E-07,9.76E-07,3.02E-09,2.69E-09,3.36E-09,3.48E-09,3.14E-09,3.81E-09,5.41E-09,5.13E-09,5.70E-09,42.73876118,56.46572263,42.63839166,56.38941421,42.61221822,56.25087338
471,1.75E-06,1.74E-06,1.75E-06,7.45E-07,7.44E-07,7.46E-07,9.90E-07,9.90E-07,9.91E-07,3.16E-09,2.76E-09,3.56E-09,3.55E-09,3.32E-09,3.79E-09,5.17E-09,4.65E-09,5.69E-09,42.59562553,56.61566257,42.4917915,56.53718823,42.46909298,56.4219163
472,1.77E-06,1.77E-06,1.77E-06,7.52E-07,7.52E-07,7.53E-07,1.00E-06,1.00E-06,1.00E-06,3.20E-09,3.12E-09,3.27E-09,3.17E-09,2.68E-09,3.66E-09,5.12E-09,4.49E-09,5.75E-09,42.50892265,56.65923848,42.40483454,56.58076965,42.40659025,56.47189717
473,1.79E-06,1.79E-06,1.79E-06,7.62E-07,7.60E-07,7.63E-07,1.01E-06,1.01E-06,1.01E-06,3.01E-09,2.60E-09,3.41E-09,3.28E-09,2.95E-09,3.62E-09,5.07E-09,4.79E-09,5.34E-09,42.54960719,56.60852978,42.45297308,56.53554341,42.43738372,56.42035094
474,1.81E-06,1.81E-06,1.81E-06,7.73E-07,7.71E-07,7.74E-07,1.02E-06,1.02E-06,1.02E-06,3.16E-09,2.91E-09,3.40E-09,3.36E-09,3.13E-09,3.60E-09,5.12E-09,4.46E-09,5.78E-09,42.66349218,56.43632521,42.56341834,56.36029017,42.55187978,56.25174267
475,1.83E-06,1.83E-06,1.84E-06,7.86E-07,7.84E-07,7.87E-07,1.03E-06,1.03E-06,1.03E-06,3.13E-09,2.82E-09,3.43E-09,3.37E-09,3.00E-09,3.75E-09,5.36E-09,4.94E-09,5.78E-09,42.90182054,56.1702431,42.80420798,56.09531365,42.79071398,55.97302732
476,1.85E-06,1.85E-06,1.86E-06,8.01E-07,8.00E-07,8.02E-07,1.03E-06,1.03E-06,1.03E-06,3.27E-09,2.99E-09,3.55E-09,3.37E-09,2.95E-09,3.78E-09,5.00E-09,4.59E-09,5.41E-09,43.21940323,55.80996752,43.11916471,55.73195595,43.11375808,55.63836704
477,1.88E-06,1.87E-06,1.88E-06,8.18E-07,8.17E-07,8.20E-07,1.04E-06,1.04E-06,1.04E-06,3.08E-09,2.66E-09,3.51E-09,3.54E-09,3.24E-09,3.85E-09,5.10E-09,4.60E-09,5.59E-09,43.6163254,55.3428827,43.52350869,55.26936981,43.49890326,55.16192669
478,1.90E-06,1.90E-06,1.90E-06,8.38E-07,8.36E-07,8.40E-07,1.04E-06,1.04E-06,1.04E-06,3.09E-09,2.85E-09,3.33E-09,3.59E-09,3.38E-09,3.80E-09,4.80E-09,4.37E-09,5.23E-09,44.11143878,54.80707449,44.02050506,54.73354315,43.99381979,54.642975
479,1.92E-06,1.92E-06,1.93E-06,8.59E-07,8.58E-07,8.61E-07,1.04E-06,1.04E-06,1.04E-06,2.96E-09,2.45E-09,3.47E-09,3.36E-09,2.90E-09,3.81E-09,5.13E-09,4.96E-09,5.30E-09,44.67555323,54.20394044,44.59014044,54.13323807,44.56981688,54.02046284
480,1.95E-06,1.94E-06,1.95E-06,8.81E-07,8.79E-07,8.84E-07,1.04E-06,1.04E-06,1.04E-06,3.14E-09,3.02E-09,3.25E-09,3.57E-09,3.24E-09,3.90E-09,4.80E-09,4.22E-09,5.38E-09,45.23210266,53.55318313,45.14381054,53.47830555,45.12142044,53.39267478
481,1.97E-06,1.97E-06,1.98E-06,9.05E-07,9.03E-07,9.07E-07,1.04E-06,1.04E-06,1.04E-06,2.93E-09,2.50E-09,3.36E-09,3.34E-09,2.98E-09,3.71E-09,5.04E-09,4.38E-09,5.69E-09,45.87231012,52.88826454,45.79176251,52.8181574,45.77085846,52.71131533
482,2.00E-06,1.99E-06,2.00E-06,9.30E-07,9.28E-07,9.32E-07,1.04E-06,1.04E-06,1.04E-06,3.15E-09,2.76E-09,3.55E-09,3.47E-09,3.06E-09,3.89E-09,5.29E-09,4.95E-09,5.62E-09,46.49662884,52.18930531,46.4120804,52.1137527,46.39606536,52.00698422
483,2.03E-06,2.02E-06,2.03E-06,9.54E-07,9.53E-07,9.56E-07,1.04E-06,1.04E-06,1.04E-06,3.15E-09,2.98E-09,3.31E-09,3.36E-09,2.75E-09,3.97E-09,5.02E-09,4.40E-09,5.63E-09,47.12380708,51.51706501,47.04147794,51.44157624,47.03095832,51.34915106
484,2.05E-06,2.05E-06,2.06E-06,9.79E-07,9.77E-07,9.81E-07,1.04E-06,1.04E-06,1.05E-06,2.95E-09,2.53E-09,3.36E-09,3.48E-09,3.30E-09,3.65E-09,5.18E-09,5.06E-09,5.31E-09,47.72906584,50.92826919,47.65387987,50.85768492,47.62795687,50.74843911
485,2.08E-06,2.07E-06,2.08E-06,1.00E-06,1.00E-06,1.01E-06,1.05E-06,1.05E-06,1.05E-06,3.07E-09,2.90E-09,3.24E-09,3.54E-09,3.29E-09,3.78E-09,5.17E-09,4.95E-09,5.38E-09,48.27663791,50.38317389,48.20011529,50.30976781,48.17748992,50.20868422
486,2.11E-06,2.10E-06,2.11E-06,1.03E-06,1.02E-06,1.03E-06,1.05E-06,1.05E-06,1.05E-06,3.03E-09,2.80E-09,3.25E-09,3.28E-09,2.79E-09,3.76E-09,5.20E-09,5.03E-09,5.36E-09,48.72633282,49.88629307,48.65252807,49.814158,48.64066517,49.71098638
487,2.13E-06,2.13E-06,2.14E-06,1.05E-06,1.05E-06,1.05E-06,1.06E-06,1.06E-06,1.06E-06,2.92E-09,2.69E-09,3.15E-09,3.39E-09,3.17E-09,3.62E-09,4.92E-09,4.35E-09,5.48E-09,49.107293,49.49218446,49.03763833,49.42305657,49.0153247,49.32919613
488,2.16E-06,2.16E-06,2.17E-06,1.07E-06,1.07E-06,1.07E-06,1.06E-06,1.06E-06,1.06E-06,2.99E-09,2.61E-09,3.37E-09,3.25E-09,2.67E-09,3.83E-09,5.09E-09,4.71E-09,5.47E-09,49.38616094,49.18969081,49.31615201,49.11941013,49.30393966,49.02206018
489,2.19E-06,2.18E-06,2.19E-06,1.09E-06,1.08E-06,1.09E-06,1.07E-06,1.07E-06,1.07E-06,3.07E-09,2.63E-09,3.52E-09,3.28E-09,2.87E-09,3.69E-09,5.07E-09,5.01E-09,5.13E-09,49.59016534,48.99098251,49.51935448,48.91932997,49.5097245,48.82784179
490,2.22E-06,2.21E-06,2.22E-06,1.10E-06,1.10E-06,1.10E-06,1.08E-06,1.08E-06,1.09E-06,2.95E-09,2.70E-09,3.19E-09,3.23E-09,2.94E-09,3.52E-09,5.02E-09,4.83E-09,5.20E-09,49.69542206,48.89534738,49.62852771,48.8273891,49.61565021,48.7338599
491,2.25E-06,2.24E-06,2.25E-06,1.12E-06,1.12E-06,1.12E-06,1.10E-06,1.10E-06,1.10E-06,3.12E-09,3.03E-09,3.21E-09,3.47E-09,3.25E-09,3.70E-09,5.12E-09,4.76E-09,5.47E-09,49.70109315,48.88812241,49.63112369,48.81702205,49.61542277,48.72816194
492,2.28E-06,2.27E-06,2.28E-06,1.13E-06,1.13E-06,1.13E-06,1.11E-06,1.11E-06,1.11E-06,2.91E-09,2.69E-09,3.14E-09,3.34E-09,3.04E-09,3.65E-09,4.99E-09,4.40E-09,5.58E-09,49.63313953,48.97040611,49.56853856,48.90495512,49.54976392,48.81372004
493,2.30E-06,2.30E-06,2.31E-06,1.14E-06,1.14E-06,1.14E-06,1.13E-06,1.13E-06,1.13E-06,2.95E-09,2.66E-09,3.25E-09,3.32E-09,2.86E-09,3.78E-09,5.01E-09,4.53E-09,5.49E-09,49.50513956,49.11203841,49.44031157,49.04670573,49.42440225,48.95741763
494,2.33E-06,2.33E-06,2.34E-06,1.15E-06,1.15E-06,1.15E-06,1.15E-06,1.15E-06,1.15E-06,3.05E-09,2.80E-09,3.29E-09,3.38E-09,2.96E-09,3.80E-09,4.91E-09,4.50E-09,5.33E-09,49.311427,49.30920075,49.24515297,49.2429238,49.23074693,49.16289051
495,2.36E-06,2.36E-06,2.37E-06,1.16E-06,1.16E-06,1.16E-06,1.17E-06,1.17E-06,1.17E-06,2.89E-09,2.57E-09,3.22E-09,3.35E-09,3.06E-09,3.63E-09,5.10E-09,4.97E-09,5.24E-09,49.04270153,49.57159828,48.98021903,49.5097643,48.96096248,49.41600573
496,2.39E-06,2.38E-06,2.40E-06,1.17E-06,1.16E-06,1.17E-06,1.19E-06,1.19E-06,1.19E-06,2.99E-09,2.70E-09,3.29E-09,3.28E-09,2.87E-09,3.70E-09,4.81E-09,4.38E-09,5.23E-09,48.78445042,49.87036612,48.72027564,49.80755204,48.70813187,49.73157553
497,2.42E-06,2.42E-06,2.43E-06,1.17E-06,1.17E-06,1.18E-06,1.21E-06,1.21E-06,1.22E-06,3.05E-09,2.72E-09,3.39E-09,3.42E-09,3.16E-09,3.68E-09,4.85E-09,4.45E-09,5.26E-09,48.48531152,50.17425474,48.42024036,50.11131698,48.40519601,50.03701652
498,2.45E-06,2.45E-06,2.46E-06,1.18E-06,1.18E-06,1.18E-06,1.24E-06,1.24E-06,1.24E-06,2.89E-09,2.47E-09,3.32E-09,3.25E-09,2.81E-09,3.69E-09,5.05E-09,4.78E-09,5.33E-09,48.17009247,50.48003459,48.10882497,50.42149764,48.09429133,50.33338958
499,2.48E-06,2.47E-06,2.49E-06,1.19E-06,1.19E-06,1.19E-06,1.26E-06,1.26E-06,1.26E-06,3.05E-09,2.92E-09,3.19E-09,3.08E-09,2.72E-09,3.44E-09,4.84E-09,4.31E-09,5.36E-09,47.87692457,50.80432512,47.81269487,50.74370276,47.81149959,50.67169378
500,2.51E-06,2.50E-06,2.52E-06,1.19E-06,1.19E-06,1.20E-06,1.28E-06,1.28E-06,1.28E-06,2.97E-09,2.54E-09,3.41E-09,3.38E-09,3.11E-09,3.66E-09,4.83E-09,4.24E-09,5.42E-09,47.58191447,51.11681802,47.51971653,51.0588145,47.5034992,50.98480414
501,2.54E-06,2.53E-06,2.54E-06,1.20E-06,1.20E-06,1.20E-06,1.31E-06,1.31E-06,1.31E-06,2.97E-09,2.74E-09,3.20E-09,3.27E-09,3.04E-09,3.50E-09,4.76E-09,4.53E-09,4.98E-09,47.26784376,51.43777021,47.20609349,51.38090299,47.19416278,51.31048154
502,2.57E-06,2.56E-06,2.57E-06,1.21E-06,1.21E-06,1.21E-06,1.33E-06,1.33E-06,1.33E-06,2.92E-09,2.60E-09,3.24E-09,3.35E-09,3.15E-09,3.55E-09,4.96E-09,4.92E-09,5.00E-09,46.98848239,51.72081924,46.92812732,51.66585206,46.91146937,51.58629597
503,2.60E-06,2.59E-06,2.60E-06,1.21E-06,1.21E-06,1.22E-06,1.35E-06,1.35E-06,1.35E-06,2.98E-09,2.61E-09,3.35E-09,3.22E-09,3.04E-09,3.40E-09,4.67E-09,3.99E-09,5.35E-09,46.70828151,51.98257294,46.64703743,51.92739021,46.63796651,51.86247638
504,2.63E-06,2.62E-06,2.63E-06,1.22E-06,1.22E-06,1.22E-06,1.37E-06,1.37E-06,1.37E-06,3.01E-09,2.94E-09,3.07E-09,3.24E-09,3.07E-09,3.40E-09,4.97E-09,4.74E-09,5.20E-09,46.47539354,52.23743389,46.41405329,52.18269705,46.40537623,52.1079599
505,2.66E-06,2.65E-06,2.66E-06,1.23E-06,1.23E-06,1.23E-06,1.39E-06,1.39E-06,1.40E-06,2.84E-09,2.54E-09,3.15E-09,3.22E-09,2.96E-09,3.49E-09,4.93E-09,4.46E-09,5.39E-09,46.25486072,52.47046301,46.19731505,52.41957247,46.18294303,52.34108202
506,2.69E-06,2.68E-06,2.69E-06,1.24E-06,1.24E-06,1.24E-06,1.42E-06,1.41E-06,1.42E-06,2.98E-09,2.68E-09,3.29E-09,3.29E-09,2.98E-09,3.61E-09,4.76E-09,4.39E-09,5.12E-09,46.04291039,52.67334534,45.98289335,52.6207034,45.97142676,52.5546337
507,2.72E-06,2.71E-06,2.72E-06,1.25E-06,1.24E-06,1.25E-06,1.44E-06,1.43E-06,1.44E-06,2.86E-09,2.56E-09,3.15E-09,3.15E-09,2.68E-09,3.62E-09,4.96E-09,4.72E-09,5.19E-09,45.85658318,52.85297115,45.79958966,52.8033423,45.7888045,52.72596133
508,2.74E-06,2.74E-06,2.75E-06,1.25E-06,1.25E-06,1.26E-06,1.46E-06,1.45E-06,1.46E-06,3.06E-09,2.72E-09,3.40E-09,3.33E-09,3.03E-09,3.63E-09,4.92E-09,4.69E-09,5.15E-09,45.70534434,53.01414338,45.64467056,52.96163712,45.6350786,52.89396107
509,2.77E-06,2.77E-06,2.78E-06,1.26E-06,1.26E-06,1.27E-06,1.47E-06,1.47E-06,1.47E-06,3.04E-09,2.90E-09,3.17E-09,3.31E-09,2.99E-09,3.63E-09,4.72E-09,4.19E-09,5.25E-09,45.58244425,53.13971954,45.52278161,53.0883426,45.51303946,53.02752217
510,2.80E-06,2.79E-06,2.81E-06,1.27E-06,1.27E-06,1.28E-06,1.49E-06,1.49E-06,1.49E-06,2.88E-09,2.64E-09,3.12E-09,3.33E-09,3.03E-09,3.63E-09,4.90E-09,4.54E-09,5.26E-09,45.43315518,53.24768678,45.37700037,53.19957391,45.3608641,53.12748263
511,2.83E-06,2.82E-06,2.84E-06,1.28E-06,1.28E-06,1.29E-06,1.51E-06,1.51E-06,1.51E-06,2.96E-09,2.67E-09,3.25E-09,3.41E-09,3.16E-09,3.66E-09,4.95E-09,4.36E-09,5.54E-09,45.37966453,53.3152813,45.32255892,53.26647239,45.30660949,53.19598595
512,2.86E-06,2.85E-06,2.87E-06,1.30E-06,1.29E-06,1.30E-06,1.53E-06,1.52E-06,1.53E-06,2.99E-09,2.93E-09,3.05E-09,3.26E-09,2.99E-09,3.54E-09,4.78E-09,4.33E-09,5.22E-09,45.32513857,53.34479201,45.26793581,53.29597969,45.25827253,53.23342144
513,2.89E-06,2.88E-06,2.89E-06,1.31E-06,1.31E-06,1.31E-06,1.54E-06,1.54E-06,1.54E-06,2.89E-09,2.71E-09,3.07E-09,3.32E-09,3.11E-09,3.53E-09,4.91E-09,4.79E-09,5.04E-09,45.30368757,53.34578769,45.24889253,53.29904927,45.2340571,53.22889584
514,2.92E-06,2.91E-06,2.92E-06,1.32E-06,1.32E-06,1.32E-06,1.55E-06,1.55E-06,1.56E-06,2.94E-09,2.76E-09,3.11E-09,3.17E-09,2.91E-09,3.43E-09,4.94E-09,4.79E-09,5.10E-09,45.32578802,53.30931773,45.27066945,53.26224758,45.26271177,53.19336734
515,2.95E-06,2.94E-06,2.95E-06,1.34E-06,1.33E-06,1.34E-06,1.57E-06,1.57E-06,1.57E-06,2.90E-09,2.67E-09,3.14E-09,3.27E-09,2.89E-09,3.65E-09,4.75E-09,4.14E-09,5.36E-09,45.37933253,53.20662672,45.32542307,53.16044263,45.3128833,53.09774464
516,2.97E-06,2.97E-06,2.98E-06,1.35E-06,1.35E-06,1.35E-06,1.58E-06,1.58E-06,1.58E-06,2.88E-09,2.44E-09,3.32E-09,3.28E-09,3.06E-09,3.51E-09,4.65E-09,4.03E-09,5.27E-09,45.46243533,53.11204478,45.40957802,53.06660141,45.3959555,53.0070025
517,3.00E-06,3.00E-06,3.01E-06,1.37E-06,1.37E-06,1.37E-06,1.59E-06,1.59E-06,1.59E-06,3.02E-09,2.76E-09,3.28E-09,3.13E-09,2.93E-09,3.32E-09,4.89E-09,4.32E-09,5.47E-09,45.57210301,52.95664946,45.51730987,52.90929042,45.51370073,52.8467342
518,3.03E-06,3.02E-06,3.04E-06,1.39E-06,1.38E-06,1.39E-06,1.60E-06,1.60E-06,1.60E-06,2.97E-09,2.81E-09,3.14E-09,3.12E-09,2.66E-09,3.57E-09,4.78E-09,4.51E-09,5.05E-09,45.72206313,52.78804489,45.66877643,52.74169513,45.66401556,52.68194596
519,3.06E-06,3.05E-06,3.06E-06,1.40E-06,1.40E-06,1.41E-06,1.61E-06,1.61E-06,1.61E-06,2.91E-09,2.73E-09,3.09E-09,3.18E-09,2.90E-09,3.45E-09,4.51E-09,4.03E-09,5.00E-09,45.91005493,52.58290414,45.85853825,52.53774287,45.84982442,52.48522487
520,3.09E-06,3.08E-06,3.09E-06,1.42E-06,1.42E-06,1.43E-06,1.62E-06,1.61E-06,1.62E-06,2.93E-09,2.71E-09,3.16E-09,3.31E-09,3.23E-09,3.39E-09,4.75E-09,4.60E-09,4.89E-09,46.12343403,52.34023866,46.07215311,52.29487503,46.06003438,52.2361458
521,3.11E-06,3.11E-06,3.12E-06,1.44E-06,1.44E-06,1.45E-06,1.62E-06,1.62E-06,1.62E-06,2.77E-09,2.60E-09,2.93E-09,3.10E-09,2.95E-09,3.25E-09,4.70E-09,4.08E-09,5.32E-09,46.35476818,52.0761944,46.30707257,52.03358567,46.29623035,51.97153156
522,3.14E-06,3.14E-06,3.15E-06,1.46E-06,1.46E-06,1.47E-06,1.63E-06,1.63E-06,1.63E-06,3.08E-09,2.93E-09,3.22E-09,3.16E-09,2.68E-09,3.63E-09,4.71E-09,4.67E-09,4.75E-09,46.6188989,51.78238266,46.56654543,51.73509327,46.56403295,51.68302013
523,3.17E-06,3.16E-06,3.17E-06,1.49E-06,1.48E-06,1.49E-06,1.63E-06,1.63E-06,1.63E-06,3.01E-09,2.84E-09,3.18E-09,3.20E-09,2.69E-09,3.71E-09,4.81E-09,4.54E-09,5.08E-09,46.91719715,51.44828952,46.86674195,51.40214113,46.8606372,51.34539336
524,3.20E-06,3.19E-06,3.20E-06,1.51E-06,1.51E-06,1.51E-06,1.63E-06,1.63E-06,1.64E-06,2.91E-09,2.68E-09,3.13E-09,3.33E-09,3.15E-09,3.51E-09,4.63E-09,4.11E-09,5.15E-09,47.24499228,51.11504211,47.19699951,51.07057004,47.18379305,51.01662455
525,3.22E-06,3.22E-06,3.23E-06,1.53E-06,1.53E-06,1.54E-06,1.64E-06,1.64E-06,1.64E-06,2.86E-09,2.68E-09,3.03E-09,3.17E-09,2.64E-09,3.69E-09,4.91E-09,4.65E-09,5.17E-09,47.52345818,50.76450949,47.47688619,50.72081387,47.46735552,50.65720313
526,3.25E-06,3.25E-06,3.26E-06,1.56E-06,1.55E-06,1.56E-06,1.64E-06,1.64E-06,1.64E-06,2.90E-09,2.67E-09,3.12E-09,3.34E-09,3.20E-09,3.48E-09,4.97E-09,4.76E-09,5.17E-09,47.84879819,50.39809168,47.80227904,50.35384652,47.78867145,50.29019744
527,3.28E-06,3.27E-06,3.29E-06,1.58E-06,1.58E-06,1.58E-06,1.64E-06,1.64E-06,1.64E-06,2.71E-09,2.56E-09,2.86E-09,3.16E-09,2.64E-09,3.68E-09,4.81E-09,4.22E-09,5.40E-09,48.18446914,50.02809362,48.14163754,49.986786,48.12794788,49.92268432
528,3.31E-06,3.30E-06,3.32E-06,1.60E-06,1.60E-06,1.61E-06,1.64E-06,1.64E-06,1.64E-06,2.88E-09,2.55E-09,3.20E-09,3.05E-09,2.81E-09,3.30E-09,4.71E-09,4.27E-09,5.15E-09,48.4949901,49.65303521,48.45017434,49.6092271,48.44479525,49.55371675
529,3.34E-06,3.33E-06,3.34E-06,1.63E-06,1.63E-06,1.63E-06,1.65E-06,1.64E-06,1.65E-06,2.77E-09,2.60E-09,2.93E-09,3.24E-09,2.95E-09,3.54E-09,4.69E-09,4.45E-09,4.94E-09,48.83276654,49.32658297,48.79029909,49.28452537,48.77601908,49.22676625
530,3.36E-06,3.36E-06,3.37E-06,1.65E-06,1.65E-06,1.66E-06,1.65E-06,1.65E-06,1.65E-06,2.94E-09,2.68E-09,3.20E-09,3.04E-09,2.79E-09,3.29E-09,4.71E-09,4.36E-09,5.07E-09,49.13605972,48.9843249,49.09155688,48.9396893,49.08860075,48.88690776
531,3.39E-06,3.39E-06,3.40E-06,1.68E-06,1.67E-06,1.68E-06,1.65E-06,1.65E-06,1.65E-06,2.92E-09,2.71E-09,3.14E-09,3.28E-09,3.15E-09,3.42E-09,4.72E-09,4.27E-09,5.16E-09,49.40361402,48.69994233,49.35997324,48.6556946,49.34930704,48.60278231
532,3.42E-06,3.41E-06,3.43E-06,1.70E-06,1.69E-06,1.70E-06,1.66E-06,1.66E-06,1.66E-06,2.91E-09,2.76E-09,3.06E-09,2.90E-09,2.83E-09,2.96E-09,4.63E-09,4.31E-09,4.96E-09,49.62888335,48.46730869,49.5859407,48.42337577,49.58635531,48.37302208
533,3.45E-06,3.44E-06,3.45E-06,1.72E-06,1.71E-06,1.72E-06,1.66E-06,1.66E-06,1.67E-06,2.73E-09,2.37E-09,3.09E-09,3.02E-09,2.74E-09,3.29E-09,4.77E-09,4.55E-09,4.99E-09,49.81372839,48.28232625,49.77390924,48.24129204,49.76569604,48.18215694
534,3.47E-06,3.47E-06,3.48E-06,1.74E-06,1.73E-06,1.74E-06,1.67E-06,1.67E-06,1.67E-06,2.81E-09,2.48E-09,3.13E-09,3.17E-09,2.78E-09,3.56E-09,4.69E-09,4.31E-09,5.06E-09,49.94665472,48.1381088,49.90617791,48.09616947,49.89580028,48.04204287
535,3.50E-06,3.49E-06,3.51E-06,1.75E-06,1.75E-06,1.75E-06,1.68E-06,1.68E-06,1.68E-06,2.87E-09,2.68E-09,3.06E-09,3.04E-09,2.71E-09,3.37E-09,4.42E-09,4.17E-09,4.67E-09,50.04153408,48.06315942,50.00057713,48.02058056,49.995736,47.97620238
536,3.53E-06,3.52E-06,3.53E-06,1.77E-06,1.76E-06,1.77E-06,1.69E-06,1.69E-06,1.69E-06,2.76E-09,2.50E-09,3.02E-09,3.00E-09,2.64E-09,3.36E-09,4.65E-09,4.29E-09,5.00E-09,50.0844949,48.02328556,50.04542765,47.98260506,50.03862907,47.92901614
537,3.55E-06,3.55E-06,3.56E-06,1.78E-06,1.78E-06,1.78E-06,1.71E-06,1.71E-06,1.71E-06,2.80E-09,2.49E-09,3.12E-09,3.18E-09,3.07E-09,3.30E-09,4.80E-09,4.45E-09,5.15E-09,50.08966274,48.02498326,50.05025237,47.98394256,50.03954995,47.92765628
538,3.58E-06,3.57E-06,3.59E-06,1.79E-06,1.79E-06,1.79E-06,1.72E-06,1.72E-06,1.72E-06,2.88E-09,2.67E-09,3.09E-09,3.16E-09,3.00E-09,3.31E-09,4.64E-09,4.36E-09,4.91E-09,50.04146425,48.0915602,50.00126128,48.04978809,49.993399,48.0006494
539,3.61E-06,3.60E-06,3.61E-06,1.80E-06,1.80E-06,1.80E-06,1.74E-06,1.74E-06,1.74E-06,2.73E-09,2.66E-09,2.79E-09,3.11E-09,2.62E-09,3.61E-09,4.81E-09,4.64E-09,4.98E-09,49.96150915,48.18074345,49.92363233,48.14151867,49.91291388,48.08383366
540,3.63E-06,3.62E-06,3.64E-06,1.81E-06,1.80E-06,1.81E-06,1.75E-06,1.75E-06,1.76E-06,2.82E-09,2.43E-09,3.22E-09,3.34E-09,3.18E-09,3.49E-09,4.60E-09,4.05E-09,5.14E-09,49.80534381,48.30273778,49.76629731,48.2625224,49.75218567,48.21361545
541,3.66E-06,3.65E-06,3.66E-06,1.82E-06,1.81E-06,1.82E-06,1.77E-06,1.77E-06,1.77E-06,2.77E-09,2.58E-09,2.96E-09,3.13E-09,2.76E-09,3.50E-09,4.64E-09,4.34E-09,4.95E-09,49.63798821,48.46477476,49.59981203,48.42570924,49.59003502,48.37452368
542,3.68E-06,3.68E-06,3.69E-06,1.82E-06,1.82E-06,1.83E-06,1.79E-06,1.79E-06,1.79E-06,2.80E-09,2.55E-09,3.04E-09,3.22E-09,2.88E-09,3.55E-09,4.59E-09,4.31E-09,4.88E-09,49.4804807,48.63992617,49.44211374,48.60092085,49.43070531,48.55205512
543,3.71E-06,3.70E-06,3.72E-06,1.83E-06,1.83E-06,1.83E-06,1.81E-06,1.81E-06,1.81E-06,2.81E-09,2.46E-09,3.16E-09,3.12E-09,2.89E-09,3.35E-09,4.55E-09,4.00E-09,5.11E-09,49.30296581,48.82887071,49.26449224,48.79003736,49.25619457,48.74308018
544,3.74E-06,3.73E-06,3.74E-06,1.84E-06,1.83E-06,1.84E-06,1.83E-06,1.83E-06,1.83E-06,2.82E-09,2.51E-09,3.13E-09,3.16E-09,3.08E-09,3.24E-09,4.61E-09,4.09E-09,5.13E-09,49.12502542,49.02362525,49.08663333,48.98515663,49.07746728,48.93708162
545,3.76E-06,3.76E-06,3.77E-06,1.84E-06,1.84E-06,1.84E-06,1.85E-06,1.85E-06,1.85E-06,2.71E-09,2.43E-09,2.99E-09,3.24E-09,3.00E-09,3.48E-09,4.72E-09,4.40E-09,5.04E-09,48.93596592,49.21141105,48.89915748,49.17480116,48.88505299,49.12135321
546,3.79E-06,3.78E-06,3.79E-06,1.85E-06,1.84E-06,1.85E-06,1.87E-06,1.87E-06,1.87E-06,2.85E-09,2.66E-09,3.05E-09,2.98E-09,2.53E-09,3.43E-09,4.63E-09,4.11E-09,5.15E-09,48.75843461,49.42947433,48.71979871,49.39134439,48.71648366,49.34438256
547,3.81E-06,3.81E-06,3.82E-06,1.85E-06,1.85E-06,1.86E-06,1.89E-06,1.89E-06,1.89E-06,2.78E-09,2.49E-09,3.07E-09,3.07E-09,2.66E-09,3.49E-09,4.61E-09,4.17E-09,5.04E-09,48.58451549,49.61667219,48.54698648,49.57989657,48.53931104,49.5320169
548,3.84E-06,3.83E-06,3.84E-06,1.86E-06,1.85E-06,1.86E-06,1.91E-06,1.91E-06,1.91E-06,2.72E-09,2.52E-09,2.91E-09,3.01E-09,2.53E-09,3.50E-09,4.61E-09,4.45E-09,4.77E-09,48.40175808,49.80017091,48.36522871,49.76463155,48.35743122,49.71530857
549,3.86E-06,3.86E-06,3.87E-06,1.86E-06,1.86E-06,1.87E-06,1.93E-06,1.93E-06,1.93E-06,2.77E-09,2.42E-09,3.11E-09,3.04E-09,2.73E-09,3.35E-09,4.70E-09,4.35E-09,5.05E-09,48.2324292,49.95683258,48.19531322,49.92095296,48.18829479,49.87092509
550,3.89E-06,3.88E-06,3.89E-06,1.87E-06,1.87E-06,1.87E-06,1.95E-06,1.95E-06,1.95E-06,2.78E-09,2.41E-09,3.15E-09,3.15E-09,2.83E-09,3.48E-09,4.70E-09,4.49E-09,4.91E-09,48.10992144,50.13270986,48.07280241,50.09703781,48.06315521,50.04755193
551,3.91E-06,3.91E-06,3.92E-06,1.88E-06,1.87E-06,1.88E-06,1.97E-06,1.97E-06,1.97E-06,2.93E-09,2.72E-09,3.13E-09,3.07E-09,2.64E-09,3.51E-09,4.73E-09,4.66E-09,4.81E-09,47.97728015,50.2617422,47.93831878,50.22449173,47.93459559,50.17839429
552,3.94E-06,3.93E-06,3.94E-06,1.88E-06,1.88E-06,1.89E-06,1.98E-06,1.98E-06,1.99E-06,2.84E-09,2.62E-09,3.06E-09,3.16E-09,2.79E-09,3.54E-09,4.62E-09,4.12E-09,5.13E-09,47.86126588,50.39826957,47.82360125,50.36243765,47.81550457,50.31720176
553,3.96E-06,3.96E-06,3.97E-06,1.89E-06,1.89E-06,1.90E-06,2.00E-06,2.00E-06,2.00E-06,2.67E-09,2.37E-09,2.98E-09,3.07E-09,2.75E-09,3.39E-09,4.36E-09,3.88E-09,4.84E-09,47.76449477,50.5200086,47.72921878,50.48659348,47.71925685,50.44395006
554,3.99E-06,3.98E-06,3.99E-06,1.90E-06,1.90E-06,1.90E-06,2.02E-06,2.02E-06,2.02E-06,2.70E-09,2.30E-09,3.10E-09,3.15E-09,2.77E-09,3.53E-09,4.55E-09,4.08E-09,5.02E-09,47.67406064,50.61286955,47.63861777,50.57941727,47.62734054,50.53292062
555,4.01E-06,4.00E-06,4.02E-06,1.91E-06,1.90E-06,1.91E-06,2.03E-06,2.03E-06,2.04E-06,2.72E-09,2.50E-09,2.95E-09,3.12E-09,2.75E-09,3.50E-09,4.46E-09,3.90E-09,5.01E-09,47.54940921,50.71581251,47.5137602,50.6823156,47.50376553,50.63906275
556,4.03E-06,4.03E-06,4.04E-06,1.92E-06,1.91E-06,1.92E-06,2.05E-06,2.05E-06,2.05E-06,2.80E-09,2.43E-09,3.16E-09,2.94E-09,2.53E-09,3.35E-09,4.59E-09,3.91E-09,5.27E-09,47.48797983,50.79578313,47.4515471,50.76164534,47.44795326,50.71715102
557,4.06E-06,4.05E-06,4.07E-06,1.93E-06,1.92E-06,1.93E-06,2.06E-06,2.06E-06,2.07E-06,2.78E-09,2.44E-09,3.12E-09,3.06E-09,2.74E-09,3.39E-09,4.77E-09,4.55E-09,4.99E-09,47.44041356,50.85103166,47.40438178,50.817338,47.39741432,50.76822666
558,4.08E-06,4.08E-06,4.09E-06,1.94E-06,1.93E-06,1.94E-06,2.08E-06,2.08E-06,2.08E-06,2.84E-09,2.69E-09,2.99E-09,3.05E-09,2.38E-09,3.72E-09,4.58E-09,4.17E-09,4.98E-09,47.38902147,50.89702412,47.35240226,50.86284661,47.34717048,50.82031629
559,4.11E-06,4.10E-06,4.11E-06,1.94E-06,1.94E-06,1.95E-06,2.09E-06,2.09E-06,2.09E-06,2.70E-09,2.38E-09,3.02E-09,2.94E-09,2.60E-09,3.28E-09,4.68E-09,4.38E-09,4.98E-09,47.35139156,50.94602528,47.31675856,50.91375688,47.31089172,50.86547913
560,4.13E-06,4.12E-06,4.14E-06,1.95E-06,1.95E-06,1.96E-06,2.11E-06,2.10E-06,2.11E-06,2.86E-09,2.82E-09,2.90E-09,3.15E-09,2.76E-09,3.54E-09,4.76E-09,4.59E-09,4.93E-09,47.32130077,50.98494704,47.28477233,50.95095904,47.27777848,50.90499932
561,4.15E-06,4.15E-06,4.16E-06,1.97E-06,1.96E-06,1.97E-06,2.12E-06,2.12E-06,2.12E-06,2.73E-09,2.35E-09,3.11E-09,3.08E-09,2.81E-09,3.35E-09,4.70E-09,4.52E-09,4.88E-09,47.30630688,51.01344823,47.27166482,50.98124333,47.26322823,50.93376681
562,4.18E-06,4.17E-06,4.18E-06,1.98E-06,1.97E-06,1.98E-06,2.13E-06,2.13E-06,2.13E-06,2.59E-09,2.36E-09,2.82E-09,3.17E-09,2.93E-09,3.40E-09,4.51E-09,4.02E-09,5.00E-09,47.28688896,51.03075721,47.25419673,51.00038689,47.24039351,50.95437592
563,4.20E-06,4.19E-06,4.21E-06,1.99E-06,1.98E-06,1.99E-06,2.14E-06,2.14E-06,2.15E-06,2.79E-09,2.37E-09,3.20E-09,2.97E-09,2.68E-09,3.27E-09,4.60E-09,4.19E-09,5.01E-09,47.27764836,51.05775351,47.24265906,51.02527289,47.23825013,50.98200001
564,4.22E-06,4.22E-06,4.23E-06,2.00E-06,1.99E-06,2.00E-06,2.16E-06,2.15E-06,2.16E-06,2.80E-09,2.39E-09,3.21E-09,3.04E-09,2.84E-09,3.25E-09,4.68E-09,4.52E-09,4.84E-09,47.24648015,51.04691533,47.21144223,51.01440158,47.20576446,50.96995148
565,4.25E-06,4.24E-06,4.25E-06,2.01E-06,2.00E-06,2.01E-06,2.17E-06,2.17E-06,2.17E-06,2.77E-09,2.41E-09,3.14E-09,3.11E-09,2.82E-09,3.40E-09,4.65E-09,4.51E-09,4.78E-09,47.26492791,51.07235231,47.23045644,51.04036965,47.22255595,50.99619135
566,4.27E-06,4.26E-06,4.28E-06,2.02E-06,2.01E-06,2.02E-06,2.18E-06,2.18E-06,2.18E-06,2.83E-09,2.73E-09,2.92E-09,3.18E-09,2.98E-09,3.37E-09,4.46E-09,4.03E-09,4.89E-09,47.24742837,51.07279172,47.21249148,51.04038829,47.20432142,51.00210128
567,4.29E-06,4.29E-06,4.30E-06,2.03E-06,2.02E-06,2.03E-06,2.19E-06,2.19E-06,2.19E-06,2.62E-09,2.36E-09,2.88E-09,2.93E-09,2.54E-09,3.32E-09,4.46E-09,4.08E-09,4.85E-09,47.24373136,51.06681309,47.21152745,51.0369429,47.20436307,50.99395703
568,4.32E-06,4.31E-06,4.32E-06,2.04E-06,2.04E-06,2.04E-06,2.20E-06,2.20E-06,2.21E-06,2.70E-09,2.52E-09,2.87E-09,3.11E-09,2.63E-09,3.58E-09,4.61E-09,4.31E-09,4.91E-09,47.25560122,51.06381719,47.22259745,51.03319633,47.21310249,50.98888729
569,4.34E-06,4.33E-06,4.34E-06,2.05E-06,2.05E-06,2.06E-06,2.21E-06,2.21E-06,2.22E-06,2.86E-09,2.68E-09,3.04E-09,3.11E-09,2.69E-09,3.54E-09,4.56E-09,4.39E-09,4.73E-09,47.2677513,51.0517798,47.2329605,51.01948557,47.22713991,50.98031631
570,4.36E-06,4.35E-06,4.37E-06,2.06E-06,2.05E-06,2.06E-06,2.23E-06,2.22E-06,2.23E-06,2.66E-09,2.36E-09,2.96E-09,3.07E-09,2.91E-09,3.23E-09,4.53E-09,4.13E-09,4.93E-09,47.22558087,51.05729632,47.19335091,51.02740643,47.18396504,50.98454535
571,4.38E-06,4.37E-06,4.39E-06,2.07E-06,2.06E-06,2.07E-06,2.24E-06,2.23E-06,2.24E-06,2.71E-09,2.28E-09,3.13E-09,3.02E-09,2.75E-09,3.29E-09,4.35E-09,3.88E-09,4.82E-09,47.2284456,51.04793279,47.1958287,51.01767663,47.18867476,50.9801956
572,4.40E-06,4.40E-06,4.41E-06,2.08E-06,2.07E-06,2.09E-06,2.25E-06,2.24E-06,2.25E-06,2.87E-09,2.79E-09,2.95E-09,3.06E-09,3.00E-09,3.12E-09,4.49E-09,4.23E-09,4.74E-09,47.24613839,51.01683206,47.21176357,50.98491426,47.20743407,50.948114
573,4.42E-06,4.42E-06,4.43E-06,2.09E-06,2.09E-06,2.09E-06,2.26E-06,2.25E-06,2.26E-06,2.69E-09,2.30E-09,3.08E-09,2.99E-09,2.64E-09,3.35E-09,4.66E-09,4.52E-09,4.80E-09,47.2475667,50.99542415,47.21549708,50.96563296,47.20857852,50.92104707
574,4.45E-06,4.44E-06,4.45E-06,2.10E-06,2.10E-06,2.11E-06,2.27E-06,2.26E-06,2.27E-06,2.77E-09,2.62E-09,2.91E-09,2.87E-09,2.71E-09,3.02E-09,4.55E-09,4.16E-09,4.94E-09,47.26947391,50.97235453,47.23663436,50.94182105,47.2343413,50.90161872
575,4.47E-06,4.46E-06,4.47E-06,2.11E-06,2.11E-06,2.12E-06,2.28E-06,2.27E-06,2.28E-06,2.73E-09,2.45E-09,3.02E-09,3.19E-09,3.04E-09,3.33E-09,4.54E-09,4.01E-09,5.06E-09,47.28621456,50.94175142,47.25397045,50.91174333,47.24378607,50.87131041
576,4.49E-06,4.48E-06,4.49E-06,2.12E-06,2.12E-06,2.13E-06,2.29E-06,2.28E-06,2.29E-06,2.64E-09,2.34E-09,2.94E-09,2.99E-09,2.52E-09,3.47E-09,4.43E-09,4.16E-09,4.70E-09,47.31795831,50.93005761,47.28694503,50.90117073,47.27908396,50.86126133
577,4.51E-06,4.50E-06,4.52E-06,2.13E-06,2.13E-06,2.14E-06,2.29E-06,2.29E-06,2.30E-06,2.76E-09,2.62E-09,2.90E-09,3.02E-09,2.72E-09,3.31E-09,4.39E-09,4.20E-09,4.58E-09,47.32806143,50.88702378,47.29579596,50.85693843,47.29008245,50.82085316
578,4.53E-06,4.52E-06,4.54E-06,2.15E-06,2.14E-06,2.15E-06,2.30E-06,2.30E-06,2.31E-06,2.79E-09,2.70E-09,2.87E-09,3.00E-09,2.88E-09,3.11E-09,4.35E-09,3.78E-09,4.92E-09,47.35232527,50.85754005,47.31993505,50.82730633,47.31529918,50.79276301
579,4.55E-06,4.55E-06,4.56E-06,2.16E-06,2.15E-06,2.16E-06,2.31E-06,2.31E-06,2.31E-06,2.77E-09,2.65E-09,2.89E-09,3.10E-09,2.92E-09,3.28E-09,4.45E-09,4.34E-09,4.57E-09,47.36580021,50.80871788,47.33375021,50.77876434,47.32646255,50.74173075
580,4.57E-06,4.57E-06,4.58E-06,2.17E-06,2.16E-06,2.17E-06,2.32E-06,2.32E-06,2.32E-06,2.73E-09,2.46E-09,3.00E-09,3.08E-09,2.83E-09,3.33E-09,4.50E-09,4.05E-09,4.94E-09,47.39119877,50.79426543,47.35979682,50.76489475,47.35210294,50.72612945
581,4.59E-06,4.59E-06,4.60E-06,2.18E-06,2.17E-06,2.18E-06,2.33E-06,2.33E-06,2.33E-06,2.75E-09,2.49E-09,3.01E-09,2.97E-09,2.62E-09,3.33E-09,4.60E-09,4.48E-09,4.73E-09,47.39910762,50.74506211,47.36757133,50.71553185,47.36271506,50.67521078
582,4.61E-06,4.61E-06,4.62E-06,2.19E-06,2.18E-06,2.19E-06,2.34E-06,2.34E-06,2.34E-06,2.62E-09,2.48E-09,2.76E-09,3.03E-09,2.59E-09,3.47E-09,4.52E-09,4.11E-09,4.94E-09,47.42390311,50.72324576,47.39400338,50.69522235,47.38507198,50.65393374
583,4.63E-06,4.63E-06,4.64E-06,2.20E-06,2.19E-06,2.20E-06,2.35E-06,2.35E-06,2.35E-06,2.81E-09,2.66E-09,2.96E-09,2.94E-09,2.44E-09,3.43E-09,4.58E-09,4.41E-09,4.74E-09,47.43765487,50.71701425,47.40576527,50.68711424,47.402997,50.64894199
584,4.65E-06,4.65E-06,4.66E-06,2.21E-06,2.20E-06,2.21E-06,2.36E-06,2.36E-06,2.36E-06,2.82E-09,2.75E-09,2.89E-09,3.08E-09,2.91E-09,3.25E-09,4.32E-09,3.89E-09,4.74E-09,47.45290574,50.68567576,47.42103562,50.65576633,47.41538244,50.62358691
585,4.67E-06,4.66E-06,4.68E-06,2.21E-06,2.21E-06,2.22E-06,2.37E-06,2.36E-06,2.37E-06,2.66E-09,2.43E-09,2.88E-09,3.07E-09,2.58E-09,3.55E-09,4.67E-09,4.39E-09,4.95E-09,47.41021693,50.67992915,47.38028873,50.65186171,47.37148725,50.60872031
586,4.69E-06,4.68E-06,4.70E-06,2.22E-06,2.22E-06,2.23E-06,2.38E-06,2.37E-06,2.38E-06,2.68E-09,2.36E-09,3.00E-09,3.16E-09,3.01E-09,3.31E-09,4.46E-09,4.01E-09,4.90E-09,47.41559711,50.65703712,47.38551826,50.62881241,47.37532463,50.59090956
587,4.71E-06,4.70E-06,4.71E-06,2.23E-06,2.23E-06,2.24E-06,2.38E-06,2.38E-06,2.39E-06,2.71E-09,2.55E-09,2.86E-09,2.99E-09,2.52E-09,3.47E-09,4.32E-09,3.91E-09,4.73E-09,47.42592379,50.64265488,47.39569539,50.61427599,47.38955162,50.57998516
588,4.73E-06,4.72E-06,4.73E-06,2.24E-06,2.24E-06,2.25E-06,2.39E-06,2.39E-06,2.40E-06,2.65E-09,2.41E-09,2.89E-09,3.14E-09,2.92E-09,3.37E-09,4.51E-09,4.15E-09,4.87E-09,47.41405392,50.64425972,47.38455683,50.61657455,47.37417496,50.57718018
589,4.75E-06,4.74E-06,4.75E-06,2.25E-06,2.24E-06,2.26E-06,2.40E-06,2.40E-06,2.40E-06,2.68E-09,2.43E-09,2.94E-09,2.96E-09,2.56E-09,3.37E-09,4.42E-09,4.12E-09,4.72E-09,47.42152091,50.63399886,47.39179678,50.60609084,47.38585214,50.56943243
590,4.76E-06,4.76E-06,4.77E-06,2.26E-06,2.25E-06,2.26E-06,2.41E-06,2.41E-06,2.41E-06,2.71E-09,2.52E-09,2.91E-09,2.97E-09,2.76E-09,3.18E-09,4.38E-09,3.86E-09,4.89E-09,47.40877706,50.62153094,47.378816,50.59340018,47.3734631,50.55846452
591,4.78E-06,4.78E-06,4.79E-06,2.27E-06,2.26E-06,2.27E-06,2.42E-06,2.42E-06,2.42E-06,2.71E-09,2.56E-09,2.86E-09,3.03E-09,2.75E-09,3.32E-09,4.27E-09,3.85E-09,4.70E-09,47.41566174,50.61636801,47.38584076,50.58836218,47.37910965,50.55568882
592,4.80E-06,4.80E-06,4.81E-06,2.28E-06,2.27E-06,2.28E-06,2.43E-06,2.43E-06,2.43E-06,2.76E-09,2.47E-09,3.05E-09,2.77E-09,2.46E-09,3.08E-09,4.60E-09,4.21E-09,4.99E-09,47.40927247,50.60503068,47.37899916,50.57659697,47.37885944,50.53835257
593,4.82E-06,4.81E-06,4.83E-06,2.29E-06,2.28E-06,2.29E-06,2.44E-06,2.44E-06,2.44E-06,2.71E-09,2.40E-09,3.02E-09,2.81E-09,2.43E-09,3.20E-09,4.53E-09,4.20E-09,4.87E-09,47.42073572,50.60032639,47.39111827,50.57249998,47.38903417,50.53470803
594,4.84E-06,4.83E-06,4.84E-06,2.29E-06,2.29E-06,2.30E-06,2.45E-06,2.44E-06,2.45E-06,2.70E-09,2.47E-09,2.93E-09,3.05E-09,2.68E-09,3.41E-09,4.22E-09,3.78E-09,4.67E-09,47.40964795,50.57528358,47.38030339,50.54770539,47.37311111,50.51616961
595,4.86E-06,4.85E-06,4.86E-06,2.30E-06,2.30E-06,2.31E-06,2.46E-06,2.45E-06,2.46E-06,2.70E-09,2.61E-09,2.78E-09,2.97E-09,2.57E-09,3.37E-09,4.37E-09,3.82E-09,4.93E-09,47.42768571,50.57214152,47.39848611,50.54468841,47.39284138,50.51013095
596,4.88E-06,4.87E-06,4.88E-06,2.31E-06,2.31E-06,2.32E-06,2.46E-06,2.46E-06,2.47E-06,2.55E-09,2.34E-09,2.76E-09,2.89E-09,2.57E-09,3.22E-09,4.38E-09,3.98E-09,4.79E-09,47.42669767,50.54880758,47.39914011,50.52288655,47.39214949,50.4853295
597,4.89E-06,4.89E-06,4.90E-06,2.32E-06,2.32E-06,2.33E-06,2.47E-06,2.47E-06,2.47E-06,2.74E-09,2.46E-09,3.02E-09,3.01E-09,2.93E-09,3.08E-09,4.56E-09,4.30E-09,4.83E-09,47.44533267,50.52659641,47.41589501,50.49888467,47.4104358,50.46162575
598,4.91E-06,4.90E-06,4.92E-06,2.33E-06,2.33E-06,2.34E-06,2.48E-06,2.48E-06,2.48E-06,2.78E-09,2.58E-09,2.97E-09,3.01E-09,2.73E-09,3.29E-09,4.46E-09,4.24E-09,4.69E-09,47.48002642,50.4962485,47.45030187,50.46823103,47.44554467,50.43384475
599,4.93E-06,4.92E-06,4.93E-06,2.34E-06,2.34E-06,2.35E-06,2.49E-06,2.48E-06,2.49E-06,2.70E-09,2.48E-09,2.91E-09,2.95E-09,2.36E-09,3.53E-09,4.54E-09,4.15E-09,4.93E-09,47.51133931,50.46345998,47.48261261,50.43634896,47.47746997,50.39886253
600,4.94E-06,4.94E-06,4.95E-06,2.35E-06,2.34E-06,2.35E-06,2.49E-06,2.49E-06,2.50E-06,2.74E-09,2.64E-09,2.84E-09,3.06E-09,2.79E-09,3.33E-09,4.50E-09,4.47E-09,4.52E-09,47.49299708,50.43385596,47.46387478,50.40636476,47.45740385,50.37077444
601,4.96E-06,4.95E-06,4.97E-06,2.36E-06,2.35E-06,2.36E-06,2.50E-06,2.50E-06,2.50E-06,2.61E-09,2.38E-09,2.83E-09,3.03E-09,2.69E-09,3.37E-09,4.66E-09,4.54E-09,4.79E-09,47.53843002,50.37512314,47.51086211,50.34904588,47.50226987,50.30756163
602,4.98E-06,4.97E-06,4.98E-06,2.37E-06,2.36E-06,2.38E-06,2.50E-06,2.50E-06,2.51E-06,2.63E-09,2.37E-09,2.89E-09,3.05E-09,2.55E-09,3.55E-09,4.57E-09,4.26E-09,4.88E-09,47.60145247,50.31227004,47.57374977,50.28600052,47.56532638,50.24695852
603,4.99E-06,4.99E-06,5.00E-06,2.38E-06,2.37E-06,2.39E-06,2.51E-06,2.51E-06,2.51E-06,2.63E-09,2.50E-09,2.77E-09,2.87E-09,2.58E-09,3.15E-09,4.35E-09,4.00E-09,4.70E-09,47.67110461,50.25122548,47.6434758,50.22495894,47.6388144,50.19059631
604,5.01E-06,5.00E-06,5.02E-06,2.39E-06,2.39E-06,2.40E-06,2.51E-06,2.51E-06,2.52E-06,2.63E-09,2.40E-09,2.87E-09,3.12E-09,2.87E-09,3.37E-09,4.54E-09,4.21E-09,4.87E-09,47.74507732,50.16986811,47.71759713,50.14366308,47.70791279,50.10558927
605,5.03E-06,5.02E-06,5.03E-06,2.40E-06,2.40E-06,2.41E-06,2.52E-06,2.51E-06,2.52E-06,2.71E-09,2.32E-09,3.10E-09,2.98E-09,2.62E-09,3.33E-09,4.48E-09,4.10E-09,4.87E-09,47.81321979,50.08442595,47.78505592,50.05748779,47.77977028,50.02220659
606,5.04E-06,5.04E-06,5.05E-06,2.42E-06,2.41E-06,2.42E-06,2.52E-06,2.52E-06,2.52E-06,2.70E-09,2.55E-09,2.86E-09,2.89E-09,2.44E-09,3.35E-09,4.41E-09,3.79E-09,5.02E-09,47.90560332,50.00366227,47.87766244,49.97684668,47.87384469,49.94301361
607,5.06E-06,5.05E-06,5.06E-06,2.43E-06,2.42E-06,2.43E-06,2.52E-06,2.52E-06,2.53E-06,2.75E-09,2.57E-09,2.93E-09,2.83E-09,2.39E-09,3.26E-09,4.42E-09,4.14E-09,4.70E-09,48.00250566,49.90960494,47.97424174,49.88237765,47.97266783,49.84932469
608,5.07E-06,5.07E-06,5.08E-06,2.44E-06,2.44E-06,2.44E-06,2.53E-06,2.52E-06,2.53E-06,2.57E-09,2.33E-09,2.81E-09,2.93E-09,2.71E-09,3.15E-09,4.42E-09,4.09E-09,4.76E-09,48.10883348,49.81306322,48.0825636,49.78765611,48.07537641,49.75106733
609,5.09E-06,5.08E-06,5.09E-06,2.45E-06,2.45E-06,2.46E-06,2.53E-06,2.53E-06,2.53E-06,2.60E-09,2.27E-09,2.93E-09,2.84E-09,2.57E-09,3.11E-09,4.34E-09,3.82E-09,4.86E-09,48.1994291,49.70295514,48.17296331,49.67725753,48.16827614,49.64301547
610,5.10E-06,5.10E-06,5.11E-06,2.46E-06,2.46E-06,2.47E-06,2.53E-06,2.53E-06,2.53E-06,2.72E-09,2.55E-09,2.88E-09,3.01E-09,2.72E-09,3.31E-09,4.28E-09,4.14E-09,4.43E-09,48.30639418,49.59751803,48.27887109,49.57068237,48.27303333,49.53993668
611,5.12E-06,5.11E-06,5.12E-06,2.48E-06,2.47E-06,2.48E-06,2.53E-06,2.53E-06,2.53E-06,2.71E-09,2.45E-09,2.98E-09,2.87E-09,2.51E-09,3.23E-09,4.19E-09,3.79E-09,4.60E-09,48.40233154,49.48606832,48.37495748,49.45926921,48.37185484,49.43031331
612,5.13E-06,5.13E-06,5.14E-06,2.49E-06,2.48E-06,2.49E-06,2.53E-06,2.53E-06,2.54E-06,2.69E-09,2.46E-09,2.91E-09,2.92E-09,2.78E-09,3.05E-09,4.31E-09,4.03E-09,4.59E-09,48.51680846,49.38962339,48.48985384,49.36312574,48.48534493,49.33143482
613,5.15E-06,5.14E-06,5.15E-06,2.50E-06,2.50E-06,2.51E-06,2.54E-06,2.53E-06,2.54E-06,2.63E-09,2.33E-09,2.93E-09,2.94E-09,2.78E-09,3.11E-09,4.25E-09,3.87E-09,4.64E-09,48.63817077,49.2775314,48.61189763,49.25158531,48.60586335,49.22000113
614,5.16E-06,5.15E-06,5.16E-06,2.52E-06,2.51E-06,2.52E-06,2.54E-06,2.53E-06,2.54E-06,2.52E-09,2.40E-09,2.63E-09,3.08E-09,2.70E-09,3.47E-09,4.40E-09,4.10E-09,4.70E-09,48.74862844,49.17722387,48.7236162,49.15242081,48.71261207,49.11595415
615,5.17E-06,5.17E-06,5.18E-06,2.52E-06,2.52E-06,2.53E-06,2.54E-06,2.54E-06,2.54E-06,2.72E-09,2.44E-09,3.00E-09,3.04E-09,2.76E-09,3.31E-09,4.31E-09,3.82E-09,4.80E-09,48.79247813,49.07135306,48.76553714,49.04455879,48.75941373,49.01381481
616,5.18E-06,5.18E-06,5.19E-06,2.53E-06,2.53E-06,2.54E-06,2.54E-06,2.54E-06,2.54E-06,2.60E-09,2.42E-09,2.78E-09,2.93E-09,2.53E-09,3.32E-09,4.31E-09,3.76E-09,4.85E-09,48.89064934,48.97933953,48.86501532,48.95374999,48.85865714,48.92081464
617,5.20E-06,5.19E-06,5.20E-06,2.55E-06,2.54E-06,2.55E-06,2.54E-06,2.54E-06,2.54E-06,2.72E-09,2.47E-09,2.97E-09,3.04E-09,2.86E-09,3.21E-09,4.37E-09,4.15E-09,4.59E-09,48.98647958,48.8793723,48.95974794,48.85258454,48.95366375,48.82089661
618,5.21E-06,5.20E-06,5.22E-06,2.56E-06,2.55E-06,2.56E-06,2.54E-06,2.54E-06,2.55E-06,2.59E-09,2.19E-09,2.98E-09,3.00E-09,2.77E-09,3.24E-09,4.29E-09,3.82E-09,4.77E-09,49.09102643,48.80897628,49.0657132,48.7835228,49.05775085,48.75078857
619,5.22E-06,5.22E-06,5.23E-06,2.57E-06,2.56E-06,2.58E-06,2.55E-06,2.54E-06,2.55E-06,2.68E-09,2.42E-09,2.94E-09,3.02E-09,2.76E-09,3.28E-09,4.35E-09,3.99E-09,4.71E-09,49.16790222,48.73107332,49.14180814,48.704755,49.13525617,48.67275132
620,5.24E-06,5.23E-06,5.24E-06,2.58E-06,2.57E-06,2.58E-06,2.55E-06,2.54E-06,2.55E-06,2.57E-09,2.38E-09,2.75E-09,3.01E-09,2.58E-09,3.45E-09,4.33E-09,4.07E-09,4.59E-09,49.23168614,48.6576845,49.20678663,48.63250347,49.19824415,48.59883632
621,5.25E-06,5.24E-06,5.25E-06,2.59E-06,2.58E-06,2.59E-06,2.55E-06,2.55E-06,2.55E-06,2.68E-09,2.55E-09,2.81E-09,2.94E-09,2.66E-09,3.22E-09,4.30E-09,3.85E-09,4.75E-09,49.29755579,48.608663,49.27167914,48.58243477,49.26666827,48.55149324
622,5.26E-06,5.25E-06,5.26E-06,2.59E-06,2.59E-06,2.60E-06,2.55E-06,2.55E-06,2.56E-06,2.50E-09,2.41E-09,2.58E-09,3.03E-09,2.66E-09,3.40E-09,4.40E-09,4.08E-09,4.72E-09,49.35054006,48.56052862,49.32647225,48.53608541,49.31635427,48.49986096
623,5.27E-06,5.26E-06,5.27E-06,2.60E-06,2.60E-06,2.61E-06,2.56E-06,2.55E-06,2.56E-06,2.54E-09,2.35E-09,2.74E-09,2.89E-09,2.49E-09,3.29E-09,4.46E-09,4.22E-09,4.71E-09,49.39638309,48.53325717,49.37196089,48.50841841,49.36535855,48.47191857
624,5.28E-06,5.28E-06,5.28E-06,2.61E-06,2.60E-06,2.62E-06,2.56E-06,2.56E-06,2.56E-06,2.76E-09,2.62E-09,2.91E-09,2.91E-09,2.51E-09,3.30E-09,4.50E-09,4.31E-09,4.69E-09,49.41940252,48.50896743,49.39291949,48.48200771,49.39018631,48.44908338
625,5.29E-06,5.29E-06,5.30E-06,2.62E-06,2.61E-06,2.62E-06,2.57E-06,2.56E-06,2.57E-06,2.66E-09,2.41E-09,2.92E-09,2.91E-09,2.61E-09,3.20E-09,4.60E-09,4.43E-09,4.76E-09,49.43476648,48.50544568,49.40929983,48.47951098,49.40471479,48.44295401
626,5.30E-06,5.30E-06,5.31E-06,2.62E-06,2.61E-06,2.63E-06,2.57E-06,2.57E-06,2.57E-06,2.78E-09,2.64E-09,2.92E-09,2.92E-09,2.73E-09,3.11E-09,4.49E-09,4.24E-09,4.74E-09,49.43214836,48.51660805,49.40561693,48.48959627,49.40302088,48.45733091
627,5.31E-06,5.30E-06,5.31E-06,2.62E-06,2.62E-06,2.63E-06,2.58E-06,2.57E-06,2.58E-06,2.69E-09,2.34E-09,3.03E-09,2.84E-09,2.37E-09,3.31E-09,4.38E-09,3.96E-09,4.80E-09,49.42327668,48.54016779,49.39767582,48.51411992,49.39471579,48.48217675
628,5.32E-06,5.31E-06,5.32E-06,2.63E-06,2.62E-06,2.63E-06,2.58E-06,2.58E-06,2.59E-06,2.61E-09,2.34E-09,2.87E-09,2.83E-09,2.56E-09,3.09E-09,4.25E-09,3.72E-09,4.78E-09,49.38375326,48.57572497,49.35893572,48.55051125,49.3547515,48.51962212
629,5.32E-06,5.32E-06,5.33E-06,2.63E-06,2.62E-06,2.63E-06,2.59E-06,2.59E-06,2.59E-06,2.58E-09,2.25E-09,2.92E-09,2.98E-09,2.73E-09,3.22E-09,4.30E-09,3.87E-09,4.72E-09,49.34520573,48.63108389,49.32060563,48.60613698,49.3132365,48.5739587
630,5.33E-06,5.33E-06,5.33E-06,2.62E-06,2.62E-06,2.63E-06,2.60E-06,2.59E-06,2.60E-06,2.63E-09,2.44E-09,2.82E-09,2.92E-09,2.59E-09,3.26E-09,4.22E-09,3.79E-09,4.64E-09,49.23621914,48.70669131,49.21116685,48.6813777,49.20564825,48.65157715
631,5.33E-06,5.33E-06,5.34E-06,2.62E-06,2.62E-06,2.63E-06,2.60E-06,2.60E-06,2.61E-06,2.65E-09,2.24E-09,3.05E-09,2.86E-09,2.43E-09,3.30E-09,4.44E-09,4.18E-09,4.69E-09,49.16777724,48.7859158,49.14254048,48.76048946,49.1384993,48.7269354
632,5.34E-06,5.33E-06,5.34E-06,2.62E-06,2.61E-06,2.63E-06,2.61E-06,2.61E-06,2.61E-06,2.66E-09,2.27E-09,3.05E-09,2.97E-09,2.86E-09,3.08E-09,4.34E-09,3.81E-09,4.87E-09,49.09650202,48.87759287,49.07113254,48.85211428,49.06526071,48.82055372
633,5.34E-06,5.33E-06,5.34E-06,2.61E-06,2.61E-06,2.62E-06,2.61E-06,2.61E-06,2.62E-06,2.68E-09,2.47E-09,2.88E-09,2.83E-09,2.22E-09,3.45E-09,4.41E-09,3.93E-09,4.89E-09,48.99528427,48.9974772,48.96968602,48.97188005,48.96675109,48.93935189
634,5.33E-06,5.33E-06,5.34E-06,2.61E-06,2.60E-06,2.61E-06,2.62E-06,2.62E-06,2.62E-06,2.65E-09,2.50E-09,2.79E-09,2.79E-09,2.35E-09,3.24E-09,4.38E-09,4.11E-09,4.64E-09,48.89133077,49.12156381,48.8659338,49.09628125,48.86324395,49.06387994
635,5.33E-06,5.33E-06,5.34E-06,2.60E-06,2.59E-06,2.61E-06,2.63E-06,2.62E-06,2.63E-06,2.67E-09,2.51E-09,2.82E-09,3.03E-09,2.94E-09,3.12E-09,4.51E-09,4.24E-09,4.78E-09,48.7574586,49.25212123,48.73181599,49.22672616,48.72497117,49.19213593
636,5.33E-06,5.33E-06,5.34E-06,2.59E-06,2.59E-06,2.60E-06,2.63E-06,2.63E-06,2.64E-06,2.63E-09,2.32E-09,2.93E-09,2.90E-09,2.37E-09,3.43E-09,4.37E-09,4.21E-09,4.53E-09,48.63549039,49.36845872,48.61019419,49.34352348,48.60506653,49.31080629
637,5.34E-06,5.34E-06,5.35E-06,2.59E-06,2.59E-06,2.60E-06,2.64E-06,2.64E-06,2.65E-06,2.54E-09,2.34E-09,2.74E-09,2.97E-09,2.83E-09,3.11E-09,4.42E-09,4.22E-09,4.62E-09,48.50512048,49.47789804,48.48063307,49.45387322,48.47259419,49.41867268
638,5.36E-06,5.35E-06,5.36E-06,2.59E-06,2.59E-06,2.60E-06,2.66E-06,2.65E-06,2.66E-06,2.74E-09,2.61E-09,2.87E-09,2.84E-09,2.57E-09,3.10E-09,4.29E-09,3.88E-09,4.71E-09,48.40545934,49.57504966,48.37906349,49.54925217,48.37724251,49.52023767
639,5.38E-06,5.38E-06,5.38E-06,2.60E-06,2.59E-06,2.60E-06,2.67E-06,2.67E-06,2.67E-06,2.63E-09,2.33E-09,2.94E-09,3.00E-09,2.82E-09,3.17E-09,4.40E-09,4.26E-09,4.53E-09,48.2941496,49.65347522,48.26882227,49.62881373,48.26205614,49.59607075
640,5.41E-06,5.41E-06,5.42E-06,2.61E-06,2.60E-06,2.61E-06,2.69E-06,2.69E-06,2.69E-06,2.65E-09,2.51E-09,2.78E-09,3.02E-09,2.85E-09,3.19E-09,4.29E-09,3.97E-09,4.61E-09,48.20944211,49.70763259,48.18411224,49.68303547,48.17726969,49.65266396
641,5.45E-06,5.44E-06,5.45E-06,2.62E-06,2.62E-06,2.63E-06,2.71E-06,2.71E-06,2.71E-06,2.62E-09,2.29E-09,2.94E-09,2.88E-09,2.53E-09,3.24E-09,4.27E-09,4.14E-09,4.41E-09,48.13305877,49.7562069,48.10812712,49.73205547,48.10324187,49.70167144
642,5.49E-06,5.48E-06,5.49E-06,2.64E-06,2.63E-06,2.65E-06,2.73E-06,2.73E-06,2.74E-06,2.57E-09,2.47E-09,2.67E-09,2.91E-09,2.48E-09,3.35E-09,4.24E-09,3.69E-09,4.80E-09,48.08530148,49.80774375,48.06096899,49.78421858,48.0547025,49.75371396
643,5.53E-06,5.53E-06,5.53E-06,2.66E-06,2.65E-06,2.66E-06,2.76E-06,2.75E-06,2.76E-06,2.51E-09,2.36E-09,2.66E-09,2.93E-09,2.38E-09,3.48E-09,4.21E-09,3.90E-09,4.52E-09,48.0409494,49.83569559,48.01734198,49.81290361,48.00971892,49.78217711
644,5.57E-06,5.57E-06,5.58E-06,2.67E-06,2.67E-06,2.68E-06,2.78E-06,2.78E-06,2.78E-06,2.69E-09,2.41E-09,2.97E-09,2.85E-09,2.69E-09,3.01E-09,4.35E-09,3.89E-09,4.81E-09,47.99640065,49.86708245,47.97126476,49.84285076,47.9684723,49.81306432
645,5.61E-06,5.61E-06,5.61E-06,2.69E-06,2.68E-06,2.69E-06,2.80E-06,2.80E-06,2.80E-06,2.65E-09,2.38E-09,2.92E-09,3.01E-09,2.87E-09,3.16E-09,4.46E-09,4.08E-09,4.84E-09,47.90374782,49.89912711,47.87911884,49.87544147,47.87265228,49.84322483
646,5.65E-06,5.64E-06,5.65E-06,2.70E-06,2.70E-06,2.71E-06,2.82E-06,2.82E-06,2.82E-06,2.67E-09,2.47E-09,2.87E-09,2.85E-09,2.63E-09,3.07E-09,4.34E-09,3.92E-09,4.76E-09,47.87118758,49.92584669,47.84654922,49.90217945,47.84334045,49.87261184
647,5.69E-06,5.69E-06,5.69E-06,2.72E-06,2.71E-06,2.73E-06,2.84E-06,2.84E-06,2.84E-06,2.68E-09,2.60E-09,2.76E-09,2.82E-09,2.56E-09,3.09E-09,4.26E-09,3.87E-09,4.65E-09,47.85044947,49.93167636,47.82587538,49.908083,47.82337392,49.88033861
648,5.73E-06,5.72E-06,5.73E-06,2.74E-06,2.73E-06,2.75E-06,2.86E-06,2.86E-06,2.86E-06,2.55E-09,2.27E-09,2.82E-09,2.89E-09,2.61E-09,3.17E-09,4.50E-09,4.30E-09,4.71E-09,47.84284339,49.95267905,47.81962393,49.93039885,47.81364165,49.89631155
649,5.77E-06,5.76E-06,5.77E-06,2.76E-06,2.75E-06,2.77E-06,2.88E-06,2.88E-06,2.88E-06,2.68E-09,2.55E-09,2.80E-09,2.86E-09,2.50E-09,3.21E-09,4.36E-09,4.05E-09,4.67E-09,47.81874841,49.95325696,47.79451844,49.93001813,47.79138111,49.90077373
650,5.80E-06,5.80E-06,5.81E-06,2.78E-06,2.77E-06,2.78E-06,2.90E-06,2.90E-06,2.90E-06,2.50E-09,2.14E-09,2.87E-09,2.89E-09,2.64E-09,3.13E-09,4.37E-09,4.18E-09,4.56E-09,47.82666849,49.94506229,47.80417825,49.92348522,47.79750204,49.89132888
651,5.84E-06,5.84E-06,5.84E-06,2.79E-06,2.79E-06,2.80E-06,2.92E-06,2.91E-06,2.92E-06,2.54E-09,2.23E-09,2.84E-09,2.87E-09,2.57E-09,3.17E-09,4.31E-09,4.13E-09,4.48E-09,47.84051435,49.94423115,47.81783338,49.92246495,47.81219654,49.89217999
652,5.87E-06,5.87E-06,5.88E-06,2.81E-06,2.80E-06,2.82E-06,2.93E-06,2.93E-06,2.94E-06,2.69E-09,2.44E-09,2.95E-09,2.81E-09,2.50E-09,3.12E-09,4.08E-09,3.74E-09,4.42E-09,47.84457534,49.91763058,47.82067016,49.89467558,47.81869363,49.87095766
653,5.91E-06,5.90E-06,5.91E-06,2.83E-06,2.82E-06,2.83E-06,2.95E-06,2.94E-06,2.95E-06,2.57E-09,2.25E-09,2.88E-09,2.77E-09,2.44E-09,3.10E-09,4.20E-09,3.77E-09,4.62E-09,47.87521126,49.89094993,47.85255104,49.86916602,47.84905941,49.84156007
654,5.94E-06,5.94E-06,5.94E-06,2.85E-06,2.84E-06,2.85E-06,2.96E-06,2.96E-06,2.96E-06,2.65E-09,2.58E-09,2.72E-09,2.96E-09,2.84E-09,3.08E-09,4.25E-09,3.99E-09,4.50E-09,47.90418456,49.84761201,47.88093822,49.82523287,47.8757322,49.79833478
655,5.97E-06,5.97E-06,5.97E-06,2.86E-06,2.86E-06,2.87E-06,2.97E-06,2.97E-06,2.98E-06,2.62E-09,2.38E-09,2.86E-09,2.85E-09,2.40E-09,3.30E-09,4.35E-09,4.11E-09,4.58E-09,47.94673585,49.80452514,47.92386835,49.78247378,47.92009439,49.7535757
656,6.00E-06,6.00E-06,6.00E-06,2.88E-06,2.87E-06,2.89E-06,2.98E-06,2.98E-06,2.99E-06,2.74E-09,2.62E-09,2.85E-09,2.86E-09,2.57E-09,3.15E-09,4.34E-09,4.15E-09,4.52E-09,47.9931725,49.74881203,47.96944514,49.72588565,47.96740721,49.6991816
657,6.03E-06,6.02E-06,6.03E-06,2.90E-06,2.89E-06,2.90E-06,2.99E-06,2.99E-06,3.00E-06,2.57E-09,2.42E-09,2.73E-09,2.97E-09,2.81E-09,3.13E-09,4.33E-09,4.22E-09,4.45E-09,48.05373214,49.6891876,48.03154331,49.66769735,48.02503609,49.63846821
658,6.05E-06,6.05E-06,6.06E-06,2.91E-06,2.91E-06,2.92E-06,3.00E-06,3.00E-06,3.01E-06,2.67E-09,2.60E-09,2.75E-09,3.00E-09,2.88E-09,3.13E-09,4.45E-09,4.42E-09,4.49E-09,48.12305405,49.61533909,48.10012598,49.59307056,48.09471284,49.56367044
659,6.08E-06,6.08E-06,6.08E-06,2.93E-06,2.92E-06,2.94E-06,3.01E-06,3.01E-06,3.02E-06,2.67E-09,2.58E-09,2.76E-09,2.91E-09,2.52E-09,3.30E-09,4.07E-09,3.68E-09,4.45E-09,48.19601168,49.54208296,48.17322583,49.51988918,48.16931766,49.49696822
660,6.10E-06,6.10E-06,6.11E-06,2.94E-06,2.93E-06,2.95E-06,3.02E-06,3.01E-06,3.02E-06,2.42E-09,2.17E-09,2.67E-09,2.93E-09,2.49E-09,3.38E-09,4.43E-09,4.05E-09,4.81E-09,48.22627768,49.45402908,48.20572686,49.43396559,48.19731323,49.40104678
661,6.12E-06,6.12E-06,6.13E-06,2.96E-06,2.95E-06,2.97E-06,3.02E-06,3.02E-06,3.03E-06,2.57E-09,2.30E-09,2.85E-09,2.87E-09,2.65E-09,3.08E-09,4.10E-09,3.75E-09,4.45E-09,48.32669862,49.36660101,48.30497333,49.34531293,48.30015544,49.32038534
662,6.14E-06,6.14E-06,6.15E-06,2.98E-06,2.97E-06,2.99E-06,3.03E-06,3.02E-06,3.03E-06,2.62E-09,2.32E-09,2.93E-09,2.83E-09,2.26E-09,3.40E-09,4.20E-09,3.84E-09,4.56E-09,48.42700576,49.25650277,48.40498197,49.23483321,48.40164414,49.20917424
663,6.16E-06,6.16E-06,6.17E-06,2.99E-06,2.98E-06,3.00E-06,3.03E-06,3.03E-06,3.03E-06,2.61E-09,2.40E-09,2.83E-09,2.86E-09,2.52E-09,3.19E-09,4.34E-09,3.97E-09,4.70E-09,48.53371712,49.14163758,48.5118779,49.12005632,48.50792968,49.09210735
664,6.18E-06,6.18E-06,6.19E-06,3.01E-06,3.00E-06,3.02E-06,3.03E-06,3.03E-06,3.03E-06,2.51E-09,2.29E-09,2.73E-09,2.90E-09,2.65E-09,3.15E-09,4.17E-09,3.78E-09,4.56E-09,48.65928984,49.02609742,48.63843524,49.00539181,48.632121,48.97858225
665,6.20E-06,6.20E-06,6.20E-06,3.03E-06,3.02E-06,3.03E-06,3.03E-06,3.03E-06,3.04E-06,2.55E-09,2.28E-09,2.81E-09,2.81E-09,2.49E-09,3.13E-09,4.10E-09,3.61E-09,4.58E-09,48.7833037,48.89694936,48.76225554,48.8759479,48.75802643,48.85098583
666,6.22E-06,6.21E-06,6.22E-06,3.04E-06,3.03E-06,3.05E-06,3.03E-06,3.03E-06,3.04E-06,2.61E-09,2.29E-09,2.93E-09,2.80E-09,2.49E-09,3.11E-09,4.23E-09,3.77E-09,4.69E-09,48.91771297,48.77549498,48.89626065,48.75398293,48.89317582,48.72786519
667,6.23E-06,6.23E-06,6.24E-06,3.06E-06,3.05E-06,3.07E-06,3.03E-06,3.03E-06,3.03E-06,2.68E-09,2.54E-09,2.83E-09,2.75E-09,2.41E-09,3.09E-09,4.34E-09,4.05E-09,4.63E-09,49.04914632,48.62329254,49.02719214,48.60115486,49.02616719,48.5746096
668,6.25E-06,6.24E-06,6.25E-06,3.07E-06,3.07E-06,3.08E-06,3.03E-06,3.03E-06,3.03E-06,2.56E-09,2.29E-09,2.82E-09,2.83E-09,2.45E-09,3.21E-09,4.24E-09,3.77E-09,4.71E-09,49.1997928,48.48338273,49.17900629,48.46230307,49.17461226,48.43532522
669,6.26E-06,6.26E-06,6.26E-06,3.09E-06,3.08E-06,3.10E-06,3.03E-06,3.02E-06,3.03E-06,2.52E-09,2.32E-09,2.72E-09,2.73E-09,2.45E-09,3.01E-09,4.21E-09,3.79E-09,4.62E-09,49.34231145,48.33066752,49.32190212,48.30985061,49.31853972,48.2829517
670,6.28E-06,6.27E-06,6.28E-06,3.11E-06,3.10E-06,3.11E-06,3.02E-06,3.02E-06,3.03E-06,2.44E-09,2.29E-09,2.60E-09,2.95E-09,2.84E-09,3.05E-09,4.13E-09,3.77E-09,4.48E-09,49.4909427,48.17220179,49.4712662,48.15201156,49.46323939,48.1251882
671,6.29E-06,6.28E-06,6.29E-06,3.12E-06,3.11E-06,3.13E-06,3.02E-06,3.02E-06,3.02E-06,2.45E-09,2.21E-09,2.69E-09,2.83E-09,2.54E-09,3.13E-09,4.21E-09,4.09E-09,4.33E-09,49.64421804,48.01501037,49.62460035,47.99475797,49.61851968,47.96668561
672,6.30E-06,6.30E-06,6.30E-06,3.14E-06,3.13E-06,3.14E-06,3.01E-06,3.01E-06,3.02E-06,2.61E-09,2.25E-09,2.96E-09,2.77E-09,2.55E-09,2.99E-09,4.38E-09,4.20E-09,4.56E-09,49.79666407,47.86058688,49.7758851,47.83900658,49.7732566,47.81090237
673,6.31E-06,6.31E-06,6.31E-06,3.15E-06,3.14E-06,3.16E-06,3.01E-06,3.01E-06,3.01E-06,2.61E-09,2.43E-09,2.79E-09,2.97E-09,2.78E-09,3.15E-09,4.18E-09,3.93E-09,4.43E-09,49.96651213,47.70887952,49.9457982,47.68723093,49.94014926,47.662315
674,6.32E-06,6.32E-06,6.32E-06,3.17E-06,3.16E-06,3.18E-06,3.00E-06,3.00E-06,3.01E-06,2.56E-09,2.40E-09,2.73E-09,2.95E-09,2.58E-09,3.32E-09,4.19E-09,3.92E-09,4.47E-09,50.11902296,47.54580934,50.09877136,47.52451301,50.09263229,47.49874901
675,6.33E-06,6.32E-06,6.33E-06,3.18E-06,3.17E-06,3.19E-06,3.00E-06,2.99E-06,3.00E-06,2.59E-09,2.56E-09,2.61E-09,2.92E-09,2.72E-09,3.11E-09,4.30E-09,4.19E-09,4.42E-09,50.22563225,47.38274888,50.20526113,47.36121425,50.20003742,47.33409152
676,6.33E-06,6.33E-06,6.34E-06,3.19E-06,3.18E-06,3.20E-06,2.99E-06,2.99E-06,2.99E-06,2.57E-09,2.47E-09,2.67E-09,2.92E-09,2.61E-09,3.24E-09,4.29E-09,3.94E-09,4.64E-09,50.3717555,47.22306396,50.35158444,47.20161313,50.34607049,47.17444458
677,6.34E-06,6.34E-06,6.34E-06,3.20E-06,3.19E-06,3.22E-06,2.98E-06,2.98E-06,2.99E-06,2.55E-09,2.37E-09,2.72E-09,2.86E-09,2.51E-09,3.21E-09,4.39E-09,4.25E-09,4.52E-09,50.53432897,47.06438851,50.51446028,47.04312607,50.5094572,47.01410781
678,6.35E-06,6.35E-06,6.35E-06,3.22E-06,3.21E-06,3.23E-06,2.98E-06,2.98E-06,2.98E-06,2.50E-09,2.40E-09,2.60E-09,2.91E-09,2.71E-09,3.10E-09,4.07E-09,3.75E-09,4.40E-09,50.68937995,46.90847106,50.66995329,46.88755485,50.66356051,46.86278309
679,6.36E-06,6.35E-06,6.36E-06,3.23E-06,3.22E-06,3.24E-06,2.97E-06,2.97E-06,2.98E-06,2.54E-09,2.32E-09,2.75E-09,3.00E-09,2.75E-09,3.24E-09,4.43E-09,4.20E-09,4.66E-09,50.83164192,46.74860711,50.81201424,46.72734952,50.80473643,46.69754068
680,6.36E-06,6.36E-06,6.37E-06,3.24E-06,3.23E-06,3.25E-06,2.97E-06,2.96E-06,2.97E-06,2.59E-09,2.46E-09,2.73E-09,2.84E-09,2.51E-09,3.17E-09,4.26E-09,3.85E-09,4.67E-09,50.96979387,46.60873774,50.94981544,46.58698231,50.94593386,46.56080722
681,6.37E-06,6.37E-06,6.37E-06,3.25E-06,3.24E-06,3.26E-06,2.96E-06,2.96E-06,2.96E-06,2.52E-09,2.34E-09,2.70E-09,2.83E-09,2.36E-09,3.30E-09,4.09E-09,3.54E-09,4.64E-09,51.11503245,46.47412765,51.09567512,46.45293262,51.09080513,46.42828436
682,6.37E-06,6.37E-06,6.38E-06,3.27E-06,3.26E-06,3.27E-06,2.95E-06,2.95E-06,2.96E-06,2.61E-09,2.50E-09,2.73E-09,2.85E-09,2.34E-09,3.35E-09,4.11E-09,3.60E-09,4.62E-09,51.23625924,46.34348381,51.21625609,46.32147362,51.21258482,46.29795766
683,6.38E-06,6.38E-06,6.38E-06,3.28E-06,3.27E-06,3.29E-06,2.95E-06,2.95E-06,2.95E-06,2.37E-09,2.22E-09,2.51E-09,2.86E-09,2.74E-09,2.99E-09,4.22E-09,3.93E-09,4.50E-09,51.3624662,46.22944169,51.3444221,46.20949328,51.33659439,46.18046139
684,6.38E-06,6.38E-06,6.39E-06,3.28E-06,3.28E-06,3.29E-06,2.94E-06,2.94E-06,2.95E-06,2.46E-09,2.13E-09,2.80E-09,2.71E-09,2.59E-09,2.83E-09,4.08E-09,3.69E-09,4.47E-09,51.46642053,46.1060167,51.44767289,46.08519843,51.4438142,46.05986945
685,6.39E-06,6.38E-06,6.39E-06,3.29E-06,3.28E-06,3.30E-06,2.94E-06,2.94E-06,2.94E-06,2.61E-09,2.41E-09,2.81E-09,2.84E-09,2.50E-09,3.17E-09,4.11E-09,3.88E-09,4.34E-09,51.56602917,46.00768477,51.54624493,45.98563006,51.542688,45.96211444
686,6.39E-06,6.39E-06,6.39E-06,3.30E-06,3.29E-06,3.31E-06,2.93E-06,2.93E-06,2.94E-06,2.49E-09,2.41E-09,2.58E-09,2.93E-09,2.76E-09,3.11E-09,3.92E-09,3.65E-09,4.18E-09,51.63324817,45.91550123,51.61437782,45.8944001,51.60747099,45.8721009
687,6.39E-06,6.39E-06,6.40E-06,3.31E-06,3.30E-06,3.31E-06,2.93E-06,2.93E-06,2.93E-06,2.58E-09,2.41E-09,2.75E-09,2.66E-09,2.34E-09,2.98E-09,4.12E-09,3.92E-09,4.31E-09,51.70399343,45.84664431,51.684508,45.82479569,51.68322701,45.80075105
688,6.40E-06,6.39E-06,6.40E-06,3.31E-06,3.30E-06,3.32E-06,2.93E-06,2.93E-06,2.93E-06,2.55E-09,2.38E-09,2.73E-09,2.72E-09,2.47E-09,2.97E-09,4.09E-09,3.73E-09,4.44E-09,51.7707651,45.78404771,51.75151842,45.76241192,51.74886066,45.73839399
689,6.40E-06,6.40E-06,6.40E-06,3.32E-06,3.31E-06,3.32E-06,2.93E-06,2.92E-06,2.93E-06,2.41E-09,2.26E-09,2.56E-09,2.97E-09,2.87E-09,3.08E-09,4.17E-09,3.60E-09,4.73E-09,51.8072668,45.74623184,51.78910169,45.72578217,51.78035233,45.6983544
690,6.40E-06,6.40E-06,6.40E-06,3.31E-06,3.30E-06,3.32E-06,2.93E-06,2.92E-06,2.93E-06,2.57E-09,2.26E-09,2.88E-09,2.77E-09,2.55E-09,2.98E-09,4.05E-09,3.53E-09,4.57E-09,51.77105257,45.70864169,51.75165898,45.68681032,51.74861411,45.66372926
691,6.40E-06,6.40E-06,6.41E-06,3.32E-06,3.30E-06,3.33E-06,2.93E-06,2.92E-06,2.93E-06,2.53E-09,2.33E-09,2.72E-09,2.88E-09,2.51E-09,3.26E-09,4.15E-09,3.56E-09,4.75E-09,51.77546478,45.70271111,51.75642565,45.68127445,51.75083364,45.65586451
692,6.40E-06,6.40E-06,6.41E-06,3.32E-06,3.30E-06,3.33E-06,2.93E-06,2.92E-06,2.93E-06,2.60E-09,2.51E-09,2.69E-09,2.79E-09,2.36E-09,3.21E-09,4.14E-09,3.84E-09,4.44E-09,51.76709577,45.70818503,51.74750475,45.68613303,51.74456431,45.66202206
693,6.41E-06,6.40E-06,6.41E-06,3.31E-06,3.30E-06,3.33E-06,2.93E-06,2.93E-06,2.93E-06,2.57E-09,2.26E-09,2.87E-09,2.78E-09,2.53E-09,3.03E-09,4.22E-09,3.92E-09,4.51E-09,51.74665429,45.73338092,51.72731008,45.71162607,51.72398098,45.68587399
694,6.41E-06,6.40E-06,6.41E-06,3.31E-06,3.30E-06,3.32E-06,2.93E-06,2.93E-06,2.94E-06,2.53E-09,2.29E-09,2.77E-09,2.74E-09,2.28E-09,3.20E-09,4.12E-09,3.59E-09,4.65E-09,51.70160237,45.76868789,51.68254453,45.74728901,51.67921904,45.72244502
695,6.41E-06,6.41E-06,6.41E-06,3.31E-06,3.30E-06,3.32E-06,2.94E-06,2.93E-06,2.94E-06,2.48E-09,2.26E-09,2.70E-09,2.98E-09,2.84E-09,3.12E-09,4.21E-09,3.89E-09,4.53E-09,51.6518398,45.8314089,51.63311124,45.81042568,51.62529385,45.78345551
696,6.41E-06,6.41E-06,6.41E-06,3.30E-06,3.29E-06,3.31E-06,2.94E-06,2.94E-06,2.95E-06,2.58E-09,2.51E-09,2.65E-09,2.82E-09,2.30E-09,3.35E-09,4.04E-09,3.65E-09,4.43E-09,51.5676641,45.9061672,51.54816208,45.88438549,51.54435427,45.86163636
697,6.41E-06,6.41E-06,6.41E-06,3.30E-06,3.29E-06,3.31E-06,2.95E-06,2.94E-06,2.95E-06,2.48E-09,2.24E-09,2.71E-09,2.90E-09,2.71E-09,3.09E-09,4.21E-09,3.97E-09,4.45E-09,51.47785883,45.98611809,51.45909855,45.96523452,51.45246655,45.93821823
698,6.41E-06,6.41E-06,6.41E-06,3.29E-06,3.28E-06,3.30E-06,2.95E-06,2.95E-06,2.96E-06,2.56E-09,2.47E-09,2.64E-09,2.71E-09,2.47E-09,2.95E-09,4.22E-09,3.97E-09,4.48E-09,51.3801358,46.10363861,51.36073558,46.08213298,51.35839658,46.0561111
699,6.41E-06,6.41E-06,6.41E-06,3.29E-06,3.28E-06,3.30E-06,2.96E-06,2.96E-06,2.96E-06,2.61E-09,2.50E-09,2.72E-09,2.85E-09,2.68E-09,3.01E-09,4.33E-09,4.11E-09,4.56E-09,51.25773623,46.19471026,51.23787828,46.1727896,51.23417817,46.14591577
700,6.21E-06,6.21E-06,6.22E-06,3.18E-06,3.17E-06,3.18E-06,2.88E-06,2.88E-06,2.88E-06,2.63E-09,2.54E-09,2.71E-09,2.83E-09,2.39E-09,3.27E-09,4.13E-09,3.76E-09,4.49E-09,51.11792731,46.36084784,51.09725373,46.33816236,51.09404226,46.31397594
701,6.22E-06,6.22E-06,6.23E-06,3.17E-06,3.17E-06,3.18E-06,2.89E-06,2.89E-06,2.90E-06,2.56E-09,2.36E-09,2.76E-09,2.75E-09,2.34E-09,3.16E-09,4.27E-09,4.10E-09,4.44E-09,50.96960118,46.49614281,50.94945904,46.47416293,50.9463561,46.44663668
702,6.23E-06,6.23E-06,6.24E-06,3.17E-06,3.16E-06,3.18E-06,2.91E-06,2.91E-06,2.91E-06,2.49E-09,2.38E-09,2.60E-09,2.87E-09,2.73E-09,3.01E-09,4.08E-09,3.61E-09,4.56E-09,50.81466091,46.63954506,50.79499373,46.61820843,50.78890227,46.59264418
703,6.24E-06,6.24E-06,6.25E-06,3.16E-06,3.15E-06,3.17E-06,2.92E-06,2.92E-06,2.92E-06,2.41E-09,2.29E-09,2.54E-09,2.97E-09,2.74E-09,3.20E-09,4.12E-09,3.76E-09,4.47E-09,50.67166271,46.79314777,50.65256974,46.77255358,50.64370091,46.74524937
704,6.25E-06,6.24E-06,6.25E-06,3.16E-06,3.15E-06,3.16E-06,2.93E-06,2.93E-06,2.94E-06,2.64E-09,2.59E-09,2.70E-09,2.74E-09,2.43E-09,3.04E-09,4.18E-09,3.94E-09,4.42E-09,50.49685446,46.95643531,50.47591195,46.93399502,50.47442028,46.90943214
705,6.25E-06,6.25E-06,6.26E-06,3.14E-06,3.13E-06,3.15E-06,2.95E-06,2.94E-06,2.95E-06,2.56E-09,2.43E-09,2.69E-09,2.82E-09,2.39E-09,3.25E-09,4.27E-09,4.16E-09,4.37E-09,50.2680443,47.1321589,50.2476807,47.11051126,50.24351073,47.08320788
706,6.26E-06,6.26E-06,6.26E-06,3.14E-06,3.12E-06,3.15E-06,2.96E-06,2.96E-06,2.96E-06,2.50E-09,2.25E-09,2.76E-09,2.67E-09,2.36E-09,2.97E-09,4.18E-09,3.95E-09,4.40E-09,50.08756232,47.29647228,50.06760582,47.27539982,50.06492981,47.24863981
707,6.26E-06,6.26E-06,6.27E-06,3.13E-06,3.12E-06,3.14E-06,2.97E-06,2.97E-06,2.98E-06,2.48E-09,2.15E-09,2.81E-09,2.69E-09,2.49E-09,2.88E-09,4.15E-09,3.64E-09,4.65E-09,49.91361967,47.46819416,49.89377291,47.44737839,49.89050717,47.4207582
708,6.27E-06,6.26E-06,6.27E-06,3.12E-06,3.11E-06,3.13E-06,2.99E-06,2.98E-06,2.99E-06,2.53E-09,2.39E-09,2.68E-09,2.85E-09,2.50E-09,3.20E-09,4.14E-09,3.94E-09,4.34E-09,49.73901512,47.64240662,49.71868005,47.62122329,49.71364008,47.5956286
709,6.27E-06,6.27E-06,6.27E-06,3.11E-06,3.10E-06,3.12E-06,3.00E-06,2.99E-06,3.00E-06,2.45E-09,2.22E-09,2.67E-09,2.88E-09,2.51E-09,3.26E-09,4.09E-09,3.78E-09,4.40E-09,49.55677898,47.81346558,49.53709727,47.79310367,49.53009149,47.76685633
710,6.27E-06,6.27E-06,6.27E-06,3.10E-06,3.09E-06,3.11E-06,3.01E-06,3.01E-06,3.01E-06,2.42E-09,2.06E-09,2.78E-09,2.73E-09,2.41E-09,3.05E-09,4.11E-09,3.78E-09,4.45E-09,49.3856921,47.98368701,49.36616918,47.96362332,49.36124194,47.93662206
711,6.27E-06,6.27E-06,6.28E-06,3.09E-06,3.08E-06,3.10E-06,3.02E-06,3.02E-06,3.02E-06,2.50E-09,2.33E-09,2.67E-09,2.70E-09,2.36E-09,3.04E-09,4.07E-09,3.78E-09,4.37E-09,49.2103013,48.16034009,49.19003139,48.13965115,49.18688139,48.11464727
712,6.28E-06,6.27E-06,6.28E-06,3.08E-06,3.07E-06,3.09E-06,3.03E-06,3.03E-06,3.04E-06,2.46E-09,2.15E-09,2.77E-09,2.62E-09,2.29E-09,2.94E-09,4.03E-09,3.67E-09,4.39E-09,49.04601942,48.32072169,49.02601128,48.30042874,49.02355341,48.27545764
713,6.28E-06,6.27E-06,6.28E-06,3.07E-06,3.06E-06,3.08E-06,3.04E-06,3.04E-06,3.05E-06,2.44E-09,2.23E-09,2.65E-09,2.58E-09,2.10E-09,3.07E-09,4.08E-09,3.59E-09,4.57E-09,48.87269911,48.48203559,48.85279242,48.4619768,48.85053342,48.43585086
714,6.27E-06,6.27E-06,6.28E-06,3.06E-06,3.05E-06,3.06E-06,3.05E-06,3.05E-06,3.05E-06,2.37E-09,2.15E-09,2.60E-09,2.70E-09,2.50E-09,2.90E-09,4.11E-09,3.97E-09,4.25E-09,48.7221535,48.62104098,48.70275995,48.60160918,48.69755902,48.57393682
715,6.27E-06,6.27E-06,6.28E-06,3.05E-06,3.04E-06,3.06E-06,3.06E-06,3.06E-06,3.06E-06,2.39E-09,2.28E-09,2.51E-09,2.81E-09,2.61E-09,3.00E-09,4.05E-09,3.61E-09,4.48E-09,48.57421915,48.76187481,48.55458641,48.74231371,48.54801806,48.71594191
716,6.27E-06,6.27E-06,6.28E-06,3.04E-06,3.03E-06,3.05E-06,3.07E-06,3.06E-06,3.07E-06,2.44E-09,2.13E-09,2.74E-09,2.79E-09,2.39E-09,3.19E-09,4.14E-09,3.90E-09,4.38E-09,48.41061103,48.89944127,48.39057848,48.87959854,48.38499502,48.85246492
717,6.27E-06,6.27E-06,6.27E-06,3.03E-06,3.02E-06,3.04E-06,3.08E-06,3.07E-06,3.08E-06,2.38E-09,2.21E-09,2.56E-09,2.84E-09,2.64E-09,3.03E-09,4.11E-09,3.91E-09,4.32E-09,48.28338481,49.0427064,48.26372069,49.023331,48.2564767,48.99572543
718,6.27E-06,6.27E-06,6.27E-06,3.02E-06,3.01E-06,3.03E-06,3.08E-06,3.08E-06,3.09E-06,2.59E-09,2.40E-09,2.78E-09,2.83E-09,2.73E-09,2.92E-09,4.23E-09,4.00E-09,4.45E-09,48.15255473,49.16985121,48.13112978,49.14884664,48.1273145,49.12272717
719,6.27E-06,6.27E-06,6.27E-06,3.01E-06,3.00E-06,3.02E-06,3.09E-06,3.09E-06,3.09E-06,2.54E-09,2.43E-09,2.65E-09,2.83E-09,2.33E-09,3.32E-09,4.03E-09,3.51E-09,4.56E-09,48.02574352,49.28422631,48.00468808,49.2636807,48.0000936,49.23982841
720,6.26E-06,6.26E-06,6.27E-06,3.00E-06,2.99E-06,3.01E-06,3.09E-06,3.09E-06,3.10E-06,2.33E-09,2.09E-09,2.57E-09,2.90E-09,2.75E-09,3.06E-09,4.07E-09,3.83E-09,4.31E-09,47.86087176,49.38980739,47.84148946,49.37099346,47.83230396,49.34314357
721,6.26E-06,6.26E-06,6.27E-06,2.99E-06,2.98E-06,3.00E-06,3.10E-06,3.09E-06,3.10E-06,2.46E-09,2.25E-09,2.67E-09,2.74E-09,2.44E-09,3.05E-09,4.02E-09,3.58E-09,4.46E-09,47.7566743,49.48317703,47.73614273,49.46332397,47.73165046,49.43842069
722,6.26E-06,6.25E-06,6.26E-06,2.98E-06,2.97E-06,2.99E-06,3.10E-06,3.10E-06,3.11E-06,2.47E-09,2.24E-09,2.70E-09,2.75E-09,2.48E-09,3.03E-09,3.95E-09,3.68E-09,4.22E-09,47.67200094,49.56875384,47.65134311,49.5488448,47.64685271,49.52522166
723,6.26E-06,6.25E-06,6.26E-06,2.98E-06,2.97E-06,2.99E-06,3.11E-06,3.10E-06,3.11E-06,2.44E-09,2.28E-09,2.61E-09,2.77E-09,2.56E-09,2.98E-09,4.12E-09,3.77E-09,4.47E-09,47.59211124,49.63910044,47.57163756,49.61942644,47.56636904,49.59259648
724,6.25E-06,6.25E-06,6.26E-06,2.97E-06,2.96E-06,2.98E-06,3.11E-06,3.10E-06,3.11E-06,2.39E-09,2.23E-09,2.55E-09,2.91E-09,2.65E-09,3.17E-09,3.99E-09,3.74E-09,4.25E-09,47.52419984,49.69773495,47.50412036,49.67848717,47.49583211,49.65284224
725,,,,,,,,,,,,,,,,,,,,,,,50,50
726,,,,,,,,,,,,,,,,,,,,,,,50,50
727,,,,,,,,,,,,,,,,,,,,,,,50,50
728,,,,,,,,,,,,,,,,,,,,,,,50,50
729,,,,,,,,,,,,,,,,,,,,,,,50,50
730,,,,,,,,,,,,,,,,,,,,,,,50,50
731,,,,,,,,,,,,,,,,,,,,,,,50,50
732,,,,,,,,,,,,,,,,,,,,,,,50,50
733,,,,,,,,,,,,,,,,,,,,,,,50,50
734,,,,,,,,,,,,,,,,,,,,,,,50,50
735,,,,,,,,,,,,,,,,,,,,,,,50,50
736,,,,,,,,,,,,,,,,,,,,,,,50,50
737,,,,,,,,,,,,,,,,,,,,,,,50,50
738,,,,,,,,,,,,,,,,,,,,,,,50,50
739,,,,,,,,,,,,,,,,,,,,,,,50,50
740,,,,,,,,,,,,,,,,,,,,,,,50,50
741,,,,,,,,,,,,,,,,,,,,,,,50,50
742,,,,,,,,,,,,,,,,,,,,,,,50,50
743,,,,,,,,,,,,,,,,,,,,,,,50,50
744,,,,,,,,,,,,,,,,,,,,,,,50,50
745,,,,,,,,,,,,,,,,,,,,,,,50,50
746,,,,,,,,,,,,,,,,,,,,,,,50,50
747,,,,,,,,,,,,,,,,,,,,,,,50,50
748,,,,,,,,,,,,,,,,,,,,,,,50,50
749,,,,,,,,,,,,,,,,,,,,,,,50,50
750,,,,,,,,,,,,,,,,,,,,,,,50,50
751,,,,,,,,,,,,,,,,,,,,,,,50,50
752,,,,,,,,,,,,,,,,,,,,,,,50,50
753,,,,,,,,,,,,,,,,,,,,,,,50,50
754,,,,,,,,,,,,,,,,,,,,,,,50,50
755,,,,,,,,,,,,,,,,,,,,,,,50,50
756,,,,,,,,,,,,,,,,,,,,,,,50,50
757,,,,,,,,,,,,,,,,,,,,,,,50,50
758,,,,,,,,,,,,,,,,,,,,,,,50,50
759,,,,,,,,,,,,,,,,,,,,,,,50,50
760,,,,,,,,,,,,,,,,,,,,,,,50,50
761,,,,,,,,,,,,,,,,,,,,,,,50,50
762,,,,,,,,,,,,,,,,,,,,,,,50,50
763,,,,,,,,,,,,,,,,,,,,,,,50,50
764,,,,,,,,,,,,,,,,,,,,,,,50,50
765,,,,,,,,,,,,,,,,,,,,,,,50,50
766,,,,,,,,,,,,,,,,,,,,,,,50,50
767,,,,,,,,,,,,,,,,,,,,,,,50,50
768,,,,,,,,,,,,,,,,,,,,,,,50,50
769,,,,,,,,,,,,,,,,,,,,,,,50,50
770,,,,,,,,,,,,,,,,,,,,,,,50,50
771,,,,,,,,,,,,,,,,,,,,,,,50,50
772,,,,,,,,,,,,,,,,,,,,,,,50,50
773,,,,,,,,,,,,,,,,,,,,,,,50,50
774,,,,,,,,,,,,,,,,,,,,,,,50,50
775,,,,,,,,,,,,,,,,,,,,,,,50,50
776,,,,,,,,,,,,,,,,,,,,,,,50,50
777,,,,,,,,,,,,,,,,,,,,,,,50,50
778,,,,,,,,,,,,,,,,,,,,,,,50,50
779,,,,,,,,,,,,,,,,,,,,,,,50,50
780,,,,,,,,,,,,,,,,,,,,,,,50,50
781,,,,,,,,,,,,,,,,,,,,,,,50,50
782,,,,,,,,,,,,,,,,,,,,,,,50,50
783,,,,,,,,,,,,,,,,,,,,,,,50,50
784,,,,,,,,,,,,,,,,,,,,,,,50,50
785,,,,,,,,,,,,,,,,,,,,,,,50,50
786,,,,,,,,,,,,,,,,,,,,,,,50,50
787,,,,,,,,,,,,,,,,,,,,,,,50,50
788,,,,,,,,,,,,,,,,,,,,,,,50,50
789,,,,,,,,,,,,,,,,,,,,,,,50,50
790,,,,,,,,,,,,,,,,,,,,,,,50,50
791,,,,,,,,,,,,,,,,,,,,,,,50,50
792,,,,,,,,,,,,,,,,,,,,,,,50,50
793,,,,,,,,,,,,,,,,,,,,,,,50,50
794,,,,,,,,,,,,,,,,,,,,,,,50,50
795,,,,,,,,,,,,,,,,,,,,,,,50,50
796,,,,,,,,,,,,,,,,,,,,,,,50,50
797,,,,,,,,,,,,,,,,,,,,,,,50,50
798,,,,,,,,,,,,,,,,,,,,,,,50,50
799,,,,,,,,,,,,,,,,,,,,,,,50,50
800,,,,,,,,,,,,,,,,,,,,,,,50,50
801,,,,,,,,,,,,,,,,,,,,,,,50,50
802,,,,,,,,,,,,,,,,,,,,,,,50,50
803,,,,,,,,,,,,,,,,,,,,,,,50,50
804,,,,,,,,,,,,,,,,,,,,,,,50,50
805,,,,,,,,,,,,,,,,,,,,,,,50,50
806,,,,,,,,,,,,,,,,,,,,,,,50,50
807,,,,,,,,,,,,,,,,,,,,,,,50,50
808,,,,,,,,,,,,,,,,,,,,,,,50,50
809,,,,,,,,,,,,,,,,,,,,,,,50,50
810,,,,,,,,,,,,,,,,,,,,,,,50,50
811,,,,,,,,,,,,,,,,,,,,,,,50,50
812,,,,,,,,,,,,,,,,,,,,,,,50,50
813,,,,,,,,,,,,,,,,,,,,,,,50,50
814,,,,,,,,,,,,,,,,,,,,,,,50,50
815,,,,,,,,,,,,,,,,,,,,,,,50,50
816,,,,,,,,,,,,,,,,,,,,,,,50,50
817,,,,,,,,,,,,,,,,,,,,,,,50,50
818,,,,,,,,,,,,,,,,,,,,,,,50,50
819,,,,,,,,,,,,,,,,,,,,,,,50,50
820,,,,,,,,,,,,,,,,,,,,,,,50,50
821,,,,,,,,,,,,,,,,,,,,,,,50,50
822,,,,,,,,,,,,,,,,,,,,,,,50,50
823,,,,,,,,,,,,,,,,,,,,,,,50,50
824,,,,,,,,,,,,,,,,,,,,,,,50,50
825,,,,,,,,,,,,,,,,,,,,,,,50,50
826,,,,,,,,,,,,,,,,,,,,,,,50,50
827,,,,,,,,,,,,,,,,,,,,,,,50,50
828,,,,,,,,,,,,,,,,,,,,,,,50,50
829,,,,,,,,,,,,,,,,,,,,,,,50,50
830,,,,,,,,,,,,,,,,,,,,,,,50,50
831,,,,,,,,,,,,,,,,,,,,,,,50,50
832,,,,,,,,,,,,,,,,,,,,,,,50,50
833,,,,,,,,,,,,,,,,,,,,,,,50,50
834,,,,,,,,,,,,,,,,,,,,,,,50,50
835,,,,,,,,,,,,,,,,,,,,,,,50,50
836,,,,,,,,,,,,,,,,,,,,,,,50,50
837,,,,,,,,,,,,,,,,,,,,,,,50,50
838,,,,,,,,,,,,,,,,,,,,,,,50,50
839,,,,,,,,,,,,,,,,,,,,,,,50,50
840,,,,,,,,,,,,,,,,,,,,,,,50,50
841,,,,,,,,,,,,,,,,,,,,,,,50,50
842,,,,,,,,,,,,,,,,,,,,,,,50,50
843,,,,,,,,,,,,,,,,,,,,,,,50,50
844,,,,,,,,,,,,,,,,,,,,,,,50,50
845,,,,,,,,,,,,,,,,,,,,,,,50,50
846,,,,,,,,,,,,,,,,,,,,,,,50,50
847,,,,,,,,,,,,,,,,,,,,,,,50,50
848,,,,,,,,,,,,,,,,,,,,,,,50,50
849,,,,,,,,,,,,,,,,,,,,,,,50,50
850,,,,,,,,,,,,,,,,,,,,,,,50,50
851,,,,,,,,,,,,,,,,,,,,,,,50,50
852,,,,,,,,,,,,,,,,,,,,,,,50,50
853,,,,,,,,,,,,,,,,,,,,,,,50,50
854,,,,,,,,,,,,,,,,,,,,,,,50,50
855,,,,,,,,,,,,,,,,,,,,,,,50,50
856,,,,,,,,,,,,,,,,,,,,,,,50,50
857,,,,,,,,,,,,,,,,,,,,,,,50,50
858,,,,,,,,,,,,,,,,,,,,,,,50,50
859,,,,,,,,,,,,,,,,,,,,,,,50,50
860,,,,,,,,,,,,,,,,,,,,,,,50,50
861,,,,,,,,,,,,,,,,,,,,,,,50,50
862,,,,,,,,,,,,,,,,,,,,,,,50,50
863,,,,,,,,,,,,,,,,,,,,,,,50,50
864,,,,,,,,,,,,,,,,,,,,,,,50,50
865,,,,,,,,,,,,,,,,,,,,,,,50,50
866,,,,,,,,,,,,,,,,,,,,,,,50,50
867,,,,,,,,,,,,,,,,,,,,,,,50,50
868,,,,,,,,,,,,,,,,,,,,,,,50,50
869,,,,,,,,,,,,,,,,,,,,,,,50,50
870,,,,,,,,,,,,,,,,,,,,,,,50,50
871,,,,,,,,,,,,,,,,,,,,,,,50,50
872,,,,,,,,,,,,,,,,,,,,,,,50,50
873,,,,,,,,,,,,,,,,,,,,,,,50,50
874,,,,,,,,,,,,,,,,,,,,,,,50,50
875,,,,,,,,,,,,,,,,,,,,,,,50,50
876,,,,,,,,,,,,,,,,,,,,,,,50,50
877,,,,,,,,,,,,,,,,,,,,,,,50,50
878,,,,,,,,,,,,,,,,,,,,,,,50,50
879,,,,,,,,,,,,,,,,,,,,,,,50,50
880,,,,,,,,,,,,,,,,,,,,,,,50,50
881,,,,,,,,,,,,,,,,,,,,,,,50,50
882,,,,,,,,,,,,,,,,,,,,,,,50,50
883,,,,,,,,,,,,,,,,,,,,,,,50,50
884,,,,,,,,,,,,,,,,,,,,,,,50,50
885,,,,,,,,,,,,,,,,,,,,,,,50,50
886,,,,,,,,,,,,,,,,,,,,,,,50,50
887,,,,,,,,,,,,,,,,,,,,,,,50,50
888,,,,,,,,,,,,,,,,,,,,,,,50,50
889,,,,,,,,,,,,,,,,,,,,,,,50,50
890,,,,,,,,,,,,,,,,,,,,,,,50,50
891,,,,,,,,,,,,,,,,,,,,,,,50,50
892,,,,,,,,,,,,,,,,,,,,,,,50,50
893,,,,,,,,,,,,,,,,,,,,,,,50,50
894,,,,,,,,,,,,,,,,,,,,,,,50,50
895,,,,,,,,,,,,,,,,,,,,,,,50,50
896,,,,,,,,,,,,,,,,,,,,,,,50,50
897,,,,,,,,,,,,,,,,,,,,,,,50,50
898,,,,,,,,,,,,,,,,,,,,,,,50,50
899,,,,,,,,,,,,,,,,,,,,,,,50,50
900,,,,,,,,,,,,,,,,,,,,,,,50,50
901,,,,,,,,,,,,,,,,,,,,,,,50,50
902,,,,,,,,,,,,,,,,,,,,,,,50,50
903,,,,,,,,,,,,,,,,,,,,,,,50,50
904,,,,,,,,,,,,,,,,,,,,,,,50,50
905,,,,,,,,,,,,,,,,,,,,,,,50,50
906,,,,,,,,,,,,,,,,,,,,,,,50,50
907,,,,,,,,,,,,,,,,,,,,,,,50,50
908,,,,,,,,,,,,,,,,,,,,,,,50,50
909,,,,,,,,,,,,,,,,,,,,,,,50,50
910,,,,,,,,,,,,,,,,,,,,,,,50,50
911,,,,,,,,,,,,,,,,,,,,,,,50,50
912,,,,,,,,,,,,,,,,,,,,,,,50,50
913,,,,,,,,,,,,,,,,,,,,,,,50,50
914,,,,,,,,,,,,,,,,,,,,,,,50,50
915,,,,,,,,,,,,,,,,,,,,,,,50,50
916,,,,,,,,,,,,,,,,,,,,,,,50,50
917,,,,,,,,,,,,,,,,,,,,,,,50,50
918,,,,,,,,,,,,,,,,,,,,,,,50,50
919,,,,,,,,,,,,,,,,,,,,,,,50,50
920,,,,,,,,,,,,,,,,,,,,,,,50,50
921,,,,,,,,,,,,,,,,,,,,,,,50,50
922,,,,,,,,,,,,,,,,,,,,,,,50,50
923,,,,,,,,,,,,,,,,,,,,,,,50,50
924,,,,,,,,,,,,,,,,,,,,,,,50,50
925,,,,,,,,,,,,,,,,,,,,,,,50,50
926,,,,,,,,,,,,,,,,,,,,,,,50,50
927,,,,,,,,,,,,,,,,,,,,,,,50,50
928,,,,,,,,,,,,,,,,,,,,,,,50,50
929,,,,,,,,,,,,,,,,,,,,,,,50,50
930,,,,,,,,,,,,,,,,,,,,,,,50,50
931,,,,,,,,,,,,,,,,,,,,,,,50,50
932,,,,,,,,,,,,,,,,,,,,,,,50,50
933,,,,,,,,,,,,,,,,,,,,,,,50,50
934,,,,,,,,,,,,,,,,,,,,,,,50,50
935,,,,,,,,,,,,,,,,,,,,,,,50,50
936,,,,,,,,,,,,,,,,,,,,,,,50,50
937,,,,,,,,,,,,,,,,,,,,,,,50,50
938,,,,,,,,,,,,,,,,,,,,,,,50,50
939,,,,,,,,,,,,,,,,,,,,,,,50,50
940,,,,,,,,,,,,,,,,,,,,,,,50,50
941,,,,,,,,,,,,,,,,,,,,,,,50,50
942,,,,,,,,,,,,,,,,,,,,,,,50,50
943,,,,,,,,,,,,,,,,,,,,,,,50,50
944,,,,,,,,,,,,,,,,,,,,,,,50,50
945,,,,,,,,,,,,,,,,,,,,,,,50,50
946,,,,,,,,,,,,,,,,,,,,,,,50,50
947,,,,,,,,,,,,,,,,,,,,,,,50,50
948,,,,,,,,,,,,,,,,,,,,,,,50,50
949,,,,,,,,,,,,,,,,,,,,,,,50,50
950,,,,,,,,,,,,,,,,,,,,,,,50,50
951,,,,,,,,,,,,,,,,,,,,,,,50,50
952,,,,,,,,,,,,,,,,,,,,,,,50,50
953,,,,,,,,,,,,,,,,,,,,,,,50,50
954,,,,,,,,,,,,,,,,,,,,,,,50,50
955,,,,,,,,,,,,,,,,,,,,,,,50,50
956,,,,,,,,,,,,,,,,,,,,,,,50,50
957,,,,,,,,,,,,,,,,,,,,,,,50,50
958,,,,,,,,,,,,,,,,,,,,,,,50,50
959,,,,,,,,,,,,,,,,,,,,,,,50,50
960,,,,,,,,,,,,,,,,,,,,,,,50,50
961,,,,,,,,,,,,,,,,,,,,,,,50,50
962,,,,,,,,,,,,,,,,,,,,,,,50,50
963,,,,,,,,,,,,,,,,,,,,,,,50,50
964,,,,,,,,,,,,,,,,,,,,,,,50,50
965,,,,,,,,,,,,,,,,,,,,,,,50,50
966,,,,,,,,,,,,,,,,,,,,,,,50,50
967,,,,,,,,,,,,,,,,,,,,,,,50,50
968,,,,,,,,,,,,,,,,,,,,,,,50,50
969,,,,,,,,,,,,,,,,,,,,,,,50,50
970,,,,,,,,,,,,,,,,,,,,,,,50,50
971,,,,,,,,,,,,,,,,,,,,,,,50,50
972,,,,,,,,,,,,,,,,,,,,,,,50,50
973,,,,,,,,,,,,,,,,,,,,,,,50,50
974,,,,,,,,,,,,,,,,,,,,,,,50,50
975,,,,,,,,,,,,,,,,,,,,,,,50,50
976,,,,,,,,,,,,,,,,,,,,,,,50,50
977,,,,,,,,,,,,,,,,,,,,,,,50,50
978,,,,,,,,,,,,,,,,,,,,,,,50,50
979,,,,,,,,,,,,,,,,,,,,,,,50,50
980,,,,,,,,,,,,,,,,,,,,,,,50,50
981,,,,,,,,,,,,,,,,,,,,,,,50,50
982,,,,,,,,,,,,,,,,,,,,,,,50,50
983,,,,,,,,,,,,,,,,,,,,,,,50,50
984,,,,,,,,,,,,,,,,,,,,,,,50,50
985,,,,,,,,,,,,,,,,,,,,,,,50,50
986,,,,,,,,,,,,,,,,,,,,,,,50,50
987,,,,,,,,,,,,,,,,,,,,,,,50,50
988,,,,,,,,,,,,,,,,,,,,,,,50,50
989,,,,,,,,,,,,,,,,,,,,,,,50,50
990,,,,,,,,,,,,,,,,,,,,,,,50,50
991,,,,,,,,,,,,,,,,,,,,,,,50,50
992,,,,,,,,,,,,,,,,,,,,,,,50,50
993,,,,,,,,,,,,,,,,,,,,,,,50,50
994,,,,,,,,,,,,,,,,,,,,,,,50,50
995,,,,,,,,,,,,,,,,,,,,,,,50,50
996,,,,,,,,,,,,,,,,,,,,,,,50,50
997,,,,,,,,,,,,,,,,,,,,,,,50,50
998,,,,,,,,,,,,,,,,,,,,,,,50,50
999,,,,,,,,,,,,,,,,,,,,,,,50,50
1000,,,,,,,,,,,,,,,,,,,,,,,50,50
1001,,,,,,,,,,,,,,,,,,,,,,,50,50
1002,,,,,,,,,,,,,,,,,,,,,,,50,50
1003,,,,,,,,,,,,,,,,,,,,,,,50,50
1004,,,,,,,,,,,,,,,,,,,,,,,50,50
1005,,,,,,,,,,,,,,,,,,,,,,,50,50
1006,,,,,,,,,,,,,,,,,,,,,,,50,50
1007,,,,,,,,,,,,,,,,,,,,,,,50,50
1008,,,,,,,,,,,,,,,,,,,,,,,50,50
1009,,,,,,,,,,,,,,,,,,,,,,,50,50
1010,,,,,,,,,,,,,,,,,,,,,,,50,50
1011,,,,,,,,,,,,,,,,,,,,,,,50,50
1012,,,,,,,,,,,,,,,,,,,,,,,50,50
1013,,,,,,,,,,,,,,,,,,,,,,,50,50
1014,,,,,,,,,,,,,,,,,,,,,,,50,50
1015,,,,,,,,,,,,,,,,,,,,,,,50,50
1016,,,,,,,,,,,,,,,,,,,,,,,50,50
1017,,,,,,,,,,,,,,,,,,,,,,,50,50
1018,,,,,,,,,,,,,,,,,,,,,,,50,50
1019,,,,,,,,,,,,,,,,,,,,,,,50,50
1020,,,,,,,,,,,,,,,,,,,,,,,50,50
1021,,,,,,,,,,,,,,,,,,,,,,,50,50
1022,,,,,,,,,,,,,,,,,,,,,,,50,50
1023,,,,,,,,,,,,,,,,,,,,,,,50,50
1024,,,,,,,,,,,,,,,,,,,,,,,50,50
1025,,,,,,,,,,,,,,,,,,,,,,,50,50
1026,,,,,,,,,,,,,,,,,,,,,,,50,50
1027,,,,,,,,,,,,,,,,,,,,,,,50,50
1028,,,,,,,,,,,,,,,,,,,,,,,50,50
1029,,,,,,,,,,,,,,,,,,,,,,,50,50
1030,,,,,,,,,,,,,,,,,,,,,,,50,50
1031,,,,,,,,,,,,,,,,,,,,,,,50,50
1032,,,,,,,,,,,,,,,,,,,,,,,50,50
1033,,,,,,,,,,,,,,,,,,,,,,,50,50
1034,,,,,,,,,,,,,,,,,,,,,,,50,50
1035,,,,,,,,,,,,,,,,,,,,,,,50,50
1036,,,,,,,,,,,,,,,,,,,,,,,50,50
1037,,,,,,,,,,,,,,,,,,,,,,,50,50
1038,,,,,,,,,,,,,,,,,,,,,,,50,50
1039,,,,,,,,,,,,,,,,,,,,,,,50,50
1040,,,,,,,,,,,,,,,,,,,,,,,50,50
1041,,,,,,,,,,,,,,,,,,,,,,,50,50
1042,,,,,,,,,,,,,,,,,,,,,,,50,50
1043,,,,,,,,,,,,,,,,,,,,,,,50,50
1044,,,,,,,,,,,,,,,,,,,,,,,50,50
1045,,,,,,,,,,,,,,,,,,,,,,,50,50
1046,,,,,,,,,,,,,,,,,,,,,,,50,50
1047,,,,,,,,,,,,,,,,,,,,,,,50,50
1048,,,,,,,,,,,,,,,,,,,,,,,50,50
1049,,,,,,,,,,,,,,,,,,,,,,,50,50
1050,,,,,,,,,,,,,,,,,,,,,,,50,50
1051,,,,,,,,,,,,,,,,,,,,,,,50,50
1052,,,,,,,,,,,,,,,,,,,,,,,50,50
1053,,,,,,,,,,,,,,,,,,,,,,,50,50
1054,,,,,,,,,,,,,,,,,,,,,,,50,50
1055,,,,,,,,,,,,,,,,,,,,,,,50,50
1056,,,,,,,,,,,,,,,,,,,,,,,50,50
1057,,,,,,,,,,,,,,,,,,,,,,,50,50
1058,,,,,,,,,,,,,,,,,,,,,,,50,50
1059,,,,,,,,,,,,,,,,,,,,,,,50,50
1060,,,,,,,,,,,,,,,,,,,,,,,50,50
1061,,,,,,,,,,,,,,,,,,,,,,,50,50
1062,,,,,,,,,,,,,,,,,,,,,,,50,50
1063,,,,,,,,,,,,,,,,,,,,,,,50,50
1064,,,,,,,,,,,,,,,,,,,,,,,50,50
1065,,,,,,,,,,,,,,,,,,,,,,,50,50
1066,,,,,,,,,,,,,,,,,,,,,,,50,50
1067,,,,,,,,,,,,,,,,,,,,,,,50,50
1068,,,,,,,,,,,,,,,,,,,,,,,50,50
1069,,,,,,,,,,,,,,,,,,,,,,,50,50
1070,,,,,,,,,,,,,,,,,,,,,,,50,50
1071,,,,,,,,,,,,,,,,,,,,,,,50,50
1072,,,,,,,,,,,,,,,,,,,,,,,50,50
1073,,,,,,,,,,,,,,,,,,,,,,,50,50
1074,,,,,,,,,,,,,,,,,,,,,,,50,50
1075,,,,,,,,,,,,,,,,,,,,,,,50,50
1076,,,,,,,,,,,,,,,,,,,,,,,50,50
1077,,,,,,,,,,,,,,,,,,,,,,,50,50
1078,,,,,,,,,,,,,,,,,,,,,,,50,50
1079,,,,,,,,,,,,,,,,,,,,,,,50,50
1080,,,,,,,,,,,,,,,,,,,,,,,50,50
1081,,,,,,,,,,,,,,,,,,,,,,,50,50
1082,,,,,,,,,,,,,,,,,,,,,,,50,50
1083,,,,,,,,,,,,,,,,,,,,,,,50,50
1084,,,,,,,,,,,,,,,,,,,,,,,50,50
1085,,,,,,,,,,,,,,,,,,,,,,,50,50
1086,,,,,,,,,,,,,,,,,,,,,,,50,50
1087,,,,,,,,,,,,,,,,,,,,,,,50,50
1088,,,,,,,,,,,,,,,,,,,,,,,50,50
1089,,,,,,,,,,,,,,,,,,,,,,,50,50
1090,,,,,,,,,,,,,,,,,,,,,,,50,50
1091,,,,,,,,,,,,,,,,,,,,,,,50,50
1092,,,,,,,,,,,,,,,,,,,,,,,50,50
1093,,,,,,,,,,,,,,,,,,,,,,,50,50
1094,,,,,,,,,,,,,,,,,,,,,,,50,50
1095,,,,,,,,,,,,,,,,,,,,,,,50,50
1096,,,,,,,,,,,,,,,,,,,,,,,50,50
1097,,,,,,,,,,,,,,,,,,,,,,,50,50
1098,,,,,,,,,,,,,,,,,,,,,,,50,50
1099,,,,,,,,,,,,,,,,,,,,,,,50,50
1100,,,,,,,,,,,,,,,,,,,,,,,50,50
